scenario,draw,total_kgCO2
A,1,3151857.371146506
A,2,2971828.0669358
A,3,3290718.9845424956
A,4,3357930.960301723
A,5,3313061.9222071306
A,6,3143869.407026488
A,7,3112335.366166359
A,8,3394117.7724435055
A,9,2942965.1380119375
A,10,3092272.9499700028
A,11,3313997.772244542
A,12,2881772.018344367
A,13,3325507.8737387895
A,14,3584246.7878773124
A,15,3061387.9190244726
A,16,3263781.502992737
A,17,3121225.1440031785
A,18,3210921.045739174
A,19,3176903.173797561
A,20,2967595.1791308396
A,21,2939057.301419299
A,22,3041980.590711971
A,23,3365947.7096022614
A,24,3211981.2595944796
A,25,3368800.7513735504
A,26,3395834.6790856426
A,27,3277918.894862043
A,28,3095485.503351776
A,29,3196937.4348174455
A,30,3097641.4603317073
A,31,3352202.364551737
A,32,2945879.4675848056
A,33,2898749.060808217
A,34,3128328.130342922
A,35,2932990.4670091593
A,36,3257245.870004856
A,37,3226567.292459323
A,38,3383462.12047425
A,39,3259808.024004323
A,40,3265833.1436620266
A,41,3253632.37757638
A,42,3256521.6446232293
A,43,3163921.4757319055
A,44,3327648.110416102
A,45,3297836.7489324044
A,46,3364201.528227053
A,47,3004338.3997119665
A,48,3019994.1584801516
A,49,3155200.8202263275
A,50,3125636.9097902165
A,51,2859476.0249282457
A,52,3286959.5595796965
A,53,2768460.408407297
A,54,3165408.034833622
A,55,3223154.7536675106
A,56,3110207.85607288
A,57,2954577.5676398617
A,58,3304764.146173182
A,59,3088467.4772688234
A,60,3439734.7351199016
A,61,3367548.7081992393
A,62,3770250.710528722
A,63,3197761.031034958
A,64,3175275.343169956
A,65,3568517.0242740153
A,66,2889677.332632589
A,67,3373619.149042454
A,68,2979766.7907343875
A,69,3181378.5970278587
A,70,3097489.689444777
A,71,3489556.293293037
A,72,3182350.9268042287
A,73,3436156.8101948835
A,74,3247639.1346372776
A,75,3150180.5727994493
A,76,3478996.443789241
A,77,3301495.15476345
A,78,3045840.843036231
A,79,3025823.7155195074
A,80,2921135.272055588
A,81,2869228.0759383566
A,82,3212421.1376704527
A,83,3074452.3078028862
A,84,3151104.04073484
A,85,3229613.0218496826
A,86,3316787.9083451563
A,87,3362209.147349425
A,88,3264746.2015266754
A,89,3246467.9892768785
A,90,3100913.455595223
A,91,3267654.469756678
A,92,3088741.362403242
A,93,3446665.6742903446
A,94,3207721.792976392
A,95,3151295.5450052717
A,96,3229560.7840556684
A,97,3018422.4553640643
A,98,3260159.834834455
A,99,3063926.8918242054
A,100,3080034.2102409764
A,101,3223341.3873207658
A,102,2680348.306384001
A,103,3356344.1091048424
A,104,3145099.928037396
A,105,3065010.5113000236
A,106,3524732.8021264584
A,107,3047195.7303576823
A,108,3468787.0234670877
A,109,3058858.798874984
A,110,3296115.655140276
A,111,3036983.442801002
A,112,3053710.964707048
A,113,3163499.4974372406
A,114,3406418.58079763
A,115,3067327.9059828753
A,116,3085960.905073745
A,117,3121564.7779215015
A,118,3257538.4285118785
A,119,3300083.963244389
A,120,2985050.9048354356
A,121,3159928.1524668536
A,122,3349139.566401255
A,123,2744810.138452486
A,124,3276916.5340616647
A,125,3299144.9293679595
A,126,3100110.48095303
A,127,3044857.8905106755
A,128,3343409.670920678
A,129,3442037.238544772
A,130,2948418.0565418215
A,131,3364920.4946095105
A,132,2978923.182119929
A,133,3166090.5583675397
A,134,3451204.787802587
A,135,3103804.5249270666
A,136,3252484.902328775
A,137,3481657.497510943
A,138,2986143.8083400107
A,139,3131542.1204049992
A,140,3415044.934423232
A,141,2883011.6510759485
A,142,2938777.5993211116
A,143,3372910.2816110314
A,144,2816473.849711379
A,145,3176445.9199067364
A,146,3109589.2085260544
A,147,3091643.0985961244
A,148,3079357.177852822
A,149,3185129.8123491597
A,150,3234271.5788176702
A,151,3165397.8975364994
A,152,3207312.7357560494
A,153,3086947.351344149
A,154,3283889.903977938
A,155,3248122.7688249038
A,156,3285403.8489389657
A,157,3259649.4006381445
A,158,3404568.511294495
A,159,3357968.1471371246
A,160,3348794.0746981786
A,161,3253867.6221378627
A,162,3005176.855889543
A,163,3375038.201129551
A,164,3362285.600018498
A,165,3225594.414825455
A,166,3399152.6868837485
A,167,3088711.0948272953
A,168,3273860.4391925554
A,169,3211203.999535162
A,170,3220258.1228032056
A,171,3105778.3770020506
A,172,3416495.2677677106
A,173,3027858.71718702
A,174,2859660.761411477
A,175,3088875.488826492
A,176,3085479.302530474
A,177,3277878.8890564395
A,178,2892978.9670776012
A,179,2920202.270733334
A,180,3089129.843960308
A,181,3059765.083525845
A,182,3264807.9606813793
A,183,3128343.715205759
A,184,3352377.4731969866
A,185,3195884.6156379166
A,186,2991200.2940473496
A,187,3027698.454133198
A,188,3052900.6553055835
A,189,3068286.942762688
A,190,3195936.347004378
A,191,3130634.03522484
A,192,3130691.141722707
A,193,3193000.331869785
A,194,3403998.73296605
A,195,3105162.5275129373
A,196,2890197.108215045
A,197,3293369.582874952
A,198,3165316.9769338295
A,199,3383328.135579243
A,200,3278793.75615925
A,201,2677795.047033483
A,202,3019948.0464134575
A,203,3475139.0006923215
A,204,3031874.8687036
A,205,3184240.5822533267
A,206,3185312.0197518934
A,207,3328327.135035422
A,208,3159801.389537068
A,209,3100747.2734484244
A,210,3271576.5074729645
A,211,3038093.177692292
A,212,3050586.6444310048
A,213,3303206.8215785995
A,214,3282787.911404918
A,215,3377829.6116936044
A,216,2864114.5864741174
A,217,3132793.4746645684
A,218,3189909.8881759485
A,219,3147133.3126644366
A,220,3439407.0781937237
A,221,3112233.352673602
A,222,3342389.511564981
A,223,2946575.2433537594
A,224,2894701.437862219
A,225,3087400.8959097615
A,226,2973217.095415943
A,227,3130121.888517757
A,228,3509901.5845100707
A,229,3160173.558316955
A,230,3207431.660284715
A,231,3241234.167120152
A,232,3239643.4293112545
A,233,3284393.2880195533
A,234,3387693.314401889
A,235,3002124.270066774
A,236,3026718.2034122385
A,237,3353530.5847762562
A,238,3643342.892698289
A,239,3305319.273630246
A,240,3054945.70295561
A,241,3207179.2864234685
A,242,3152996.9466518527
A,243,3024705.42809574
A,244,3189951.8645447623
A,245,2933998.8609240414
A,246,3399856.87259329
A,247,3465540.7138641635
A,248,3372345.2233867683
A,249,3201758.5551087447
A,250,3388782.201150519
A,251,3383782.7247178494
A,252,3414905.056834285
A,253,3060040.006558855
A,254,3334686.0991731538
A,255,3083966.4756376767
A,256,3329844.134148346
A,257,3338542.458283899
A,258,2963458.8696756023
A,259,3068837.92739514
A,260,2999206.521210878
A,261,3059497.6785820858
A,262,3098363.9418792357
A,263,3062631.4959275164
A,264,2907405.068975202
A,265,3202213.478788487
A,266,2902687.1412043576
A,267,3091656.08269084
A,268,3437029.2588568795
A,269,3339696.791566427
A,270,3120821.275527165
A,271,3197592.4911804562
A,272,3184242.0504270997
A,273,2965934.580679823
A,274,3272910.674225706
A,275,3260654.105992073
A,276,3244618.8697387045
A,277,2983119.0017300462
A,278,3270053.105448502
A,279,3256870.2109001298
A,280,2979256.4639374726
A,281,3253824.480440806
A,282,3405944.6302313562
A,283,3028073.55416872
A,284,3085757.029774931
A,285,3193254.2764207353
A,286,3157447.910053637
A,287,3271962.1873458982
A,288,3549115.8373493394
A,289,3226270.332892554
A,290,3135876.018540297
A,291,2968661.857280739
A,292,3232333.6915067052
A,293,2921645.37020078
A,294,3185813.4531833236
A,295,3134002.69714269
A,296,3608842.6527680797
A,297,3202529.769207803
A,298,3412208.3899399056
A,299,3401196.1000025542
A,300,3392131.1230576374
A,301,2949168.475503757
A,302,3090007.0733048776
A,303,3209510.1958263204
A,304,3256683.488401092
A,305,3072664.742516598
A,306,3070273.885764921
A,307,3000927.816400907
A,308,3182742.745805807
A,309,3136882.0121675897
A,310,3007505.161514776
A,311,2924409.5572704985
A,312,2955743.6338126473
A,313,3229898.058123456
A,314,2876164.8016651943
A,315,3031059.0065732957
A,316,2804410.658374233
A,317,3185977.4817156564
A,318,3189774.8461649874
A,319,3297639.991386476
A,320,3099563.50192745
A,321,3479843.237845609
A,322,3184561.890865195
A,323,3303910.704870346
A,324,3021304.248965179
A,325,3270213.495026469
A,326,3243026.565403643
A,327,3228072.8037774605
A,328,3170732.5082809897
A,329,3614342.6264328198
A,330,3345358.9998106477
A,331,3267706.1465412043
A,332,3253019.395483821
A,333,3178117.5555182863
A,334,3103570.4116912438
A,335,3209682.479531314
A,336,2909999.756444212
A,337,3487907.7970850184
A,338,2799305.5070343083
A,339,3111942.6875576074
A,340,3246326.4633108214
A,341,3521610.9897550214
A,342,3074050.5891533215
A,343,3177359.8056231737
A,344,3020405.364333167
A,345,3325679.8050087015
A,346,3009653.5326641146
A,347,3054817.373554978
A,348,3163822.173860958
A,349,3253984.8823475977
A,350,3282060.0416256655
A,351,3297501.5750321615
A,352,3324117.4169127927
A,353,3217536.672132488
A,354,3039872.05188464
A,355,3125753.8541955724
A,356,3173898.7583516543
A,357,3244357.4859528616
A,358,3532998.7293013795
A,359,3390047.252656815
A,360,3076498.3887239727
A,361,2901142.296750445
A,362,3297978.7994363504
A,363,3296959.6788362134
A,364,3050112.773441539
A,365,3691744.831552555
A,366,2948591.574261434
A,367,2948791.751930008
A,368,3187924.0671734507
A,369,3374200.2694093445
A,370,3257228.456862712
A,371,2832189.1556500797
A,372,2848141.488351045
A,373,2887154.4395630355
A,374,2901737.398961926
A,375,3128122.917660614
A,376,3187822.1144533884
A,377,3073833.8082752093
A,378,2902207.4056688123
A,379,3247560.9576554717
A,380,2814619.808687023
A,381,3324907.684982694
A,382,3233738.916774751
A,383,2887505.3610450802
A,384,3393893.3088575522
A,385,3302838.774697568
A,386,3622513.8603029763
A,387,2999626.037281807
A,388,3018163.555401605
A,389,3455418.5844554803
A,390,3030850.954587365
A,391,2956344.1917357016
A,392,3184792.4868320078
A,393,3055982.0242302595
A,394,3274806.2639969084
A,395,3140501.016961317
A,396,3288672.3493963038
A,397,3318825.28343359
A,398,3109391.4838006417
A,399,3117929.623133759
A,400,3269589.2503390606
B,1,2417285.848122202
B,2,2538768.2798059504
B,3,2416022.193582179
B,4,2462896.78852071
B,5,2407498.9567632256
B,6,2654651.890906024
B,7,2164344.541032163
B,8,2622181.1155722914
B,9,2477300.1365950904
B,10,2586935.387867726
B,11,2381167.516146609
B,12,2367962.3583874167
B,13,2424646.4824009375
B,14,2388258.5326290485
B,15,2461078.9479810665
B,16,2352311.068705937
B,17,2507586.6847253116
B,18,2397510.2865933618
B,19,2456929.46742002
B,20,2469011.211665891
B,21,2107658.767099024
B,22,2554606.3158907266
B,23,2390307.795036303
B,24,2434882.2148095975
B,25,2570991.744420763
B,26,2472998.6783119156
B,27,2439910.8999987207
B,28,2330397.036329362
B,29,2348384.596103054
B,30,2607634.11986377
B,31,2518217.7448496753
B,32,2498946.3360150387
B,33,2493189.8917614594
B,34,2216004.9629535726
B,35,2398003.7570666494
B,36,2533571.9043943626
B,37,2450563.6915370864
B,38,2393436.9521268164
B,39,2608239.059148299
B,40,2412750.601242774
B,41,2427303.1180522405
B,42,2498293.268554559
B,43,2344299.8975317082
B,44,2346593.6568985204
B,45,2401560.0229681493
B,46,2702439.3319010255
B,47,2447941.065356572
B,48,2441782.152910308
B,49,2293217.8997173235
B,50,2561948.47220997
B,51,2375842.9656710895
B,52,2442043.3160578553
B,53,2529799.969978809
B,54,2895894.117941016
B,55,2405813.9055552655
B,56,2579677.9161585784
B,57,2481348.3553399513
B,58,2539022.1856030617
B,59,2687572.493924769
B,60,2619525.6011507786
B,61,2441751.943333824
B,62,2536466.583006135
B,63,2569850.417169844
B,64,2480510.482792433
B,65,2407724.535068719
B,66,2569090.598818409
B,67,2492121.9949880885
B,68,2261065.5853527165
B,69,2539258.7685926687
B,70,2454393.842559225
B,71,2415184.8296434702
B,72,2738434.6077628173
B,73,2549986.06224361
B,74,2355739.751392345
B,75,2499345.0705778864
B,76,2471416.611884783
B,77,2292463.299242028
B,78,2511613.4805555707
B,79,2324885.263468827
B,80,2428663.486912027
B,81,2611634.325469731
B,82,2545406.218160075
B,83,2494472.6918862406
B,84,2596454.0301087354
B,85,2354308.246712731
B,86,2338026.479503142
B,87,2469743.597409871
B,88,2323235.8905363064
B,89,2475029.3999010003
B,90,2408111.938330609
B,91,2357744.8965149666
B,92,2382834.129766379
B,93,2404319.2832520665
B,94,2438149.6648903107
B,95,2624571.34636527
B,96,2489889.067689776
B,97,2331882.22029514
B,98,2595061.1751360623
B,99,2418000.0738814925
B,100,2622694.036245517
B,101,2576159.2344271303
B,102,2495242.456476886
B,103,2605290.7460288587
B,104,2538911.3875468583
B,105,2431942.167125405
B,106,2332269.6364803347
B,107,2627184.2961723283
B,108,2773062.34201105
B,109,2138677.303396082
B,110,2354404.8852968495
B,111,2476397.4308738206
B,112,2516499.5013131504
B,113,2371792.4729285385
B,114,2414093.348983617
B,115,2375869.949892387
B,116,2638505.7689907756
B,117,2431429.441298863
B,118,2430492.46039028
B,119,2465027.5583017366
B,120,2593760.867746948
B,121,2444899.7594472524
B,122,2584961.0429391293
B,123,2380909.7476165225
B,124,2413285.575680568
B,125,2634779.844051885
B,126,2427216.193677522
B,127,2345440.134288954
B,128,2757146.2238303293
B,129,2301639.418998911
B,130,2410251.2012196886
B,131,2375759.13151505
B,132,2172561.459459308
B,133,2486699.0459097587
B,134,2352173.3610263253
B,135,2574462.9390604957
B,136,2628032.0157319084
B,137,2371823.3420468345
B,138,2511338.8472019196
B,139,2530735.7933013136
B,140,2623007.457014225
B,141,2580006.179778884
B,142,2767024.6385272406
B,143,2522760.479197263
B,144,2751496.8328931318
B,145,2414308.617945019
B,146,2406400.747103682
B,147,2493955.8172692168
B,148,2403031.9153921045
B,149,2745428.6306131133
B,150,2298613.1160718706
B,151,2452919.0649946816
B,152,2420355.3459353843
B,153,2294948.4506772044
B,154,2423058.083025206
B,155,2669799.453213275
B,156,2606799.39293301
B,157,2614844.85373629
B,158,2482414.9488492007
B,159,2371765.713732873
B,160,2191905.6912902845
B,161,2357775.865677831
B,162,2566310.282947158
B,163,2425998.425505311
B,164,2408625.8849385353
B,165,2118681.848583686
B,166,2375912.706624776
B,167,2306494.9709255695
B,168,2708073.0455322554
B,169,2319212.7530306294
B,170,2554023.151725469
B,171,2524207.2642896855
B,172,2340618.014099391
B,173,2576751.580177
B,174,2483094.2154111196
B,175,2453488.5279535316
B,176,2635423.122531692
B,177,2252281.4412712012
B,178,2298800.1370945973
B,179,2401850.444441557
B,180,2404175.480287326
B,181,2426997.52857415
B,182,2473067.731895949
B,183,2275474.418294149
B,184,2544689.4110516794
B,185,2439932.627025487
B,186,2381266.79992688
B,187,2586783.1677999115
B,188,2730380.2219400364
B,189,2454458.3351897635
B,190,2356308.9200683814
B,191,2409898.2390278336
B,192,2220555.655858274
B,193,2541608.0160883768
B,194,2515927.232138337
B,195,2485785.197208023
B,196,2382700.931617971
B,197,2355320.420643985
B,198,2429466.703571963
B,199,2460896.6801562207
B,200,2437818.101258434
B,201,2519541.4026622977
B,202,2411456.2165536536
B,203,2721243.9491319973
B,204,2471696.1156381755
B,205,2496147.2872412084
B,206,2667205.2437205417
B,207,2374870.2212526365
B,208,2455839.896924424
B,209,2569075.415060924
B,210,2645372.910472509
B,211,2284535.6370796775
B,212,2318409.10943848
B,213,2383165.276236077
B,214,2301655.8847620045
B,215,2403538.8970959256
B,216,2312692.186332343
B,217,2573098.870679497
B,218,2505911.7066937834
B,219,2443517.3587786783
B,220,2646128.879381898
B,221,2407115.5798435262
B,222,2578556.4645199915
B,223,2518050.332179865
B,224,2278135.3415908325
B,225,2375636.5398408878
B,226,2263068.499659573
B,227,2375308.184237146
B,228,2556622.001774814
B,229,2305018.941162323
B,230,2317491.7362844297
B,231,2460538.2671958
B,232,2309675.008697638
B,233,2365601.861798709
B,234,2411358.6985791633
B,235,2304972.5152618345
B,236,2509402.283229989
B,237,2438278.605511915
B,238,2291293.6592369294
B,239,2662984.523810325
B,240,2552967.1109745805
B,241,2340307.242323915
B,242,2410553.1959830835
B,243,2316872.501544877
B,244,2312951.953763122
B,245,2264076.030098653
B,246,2410811.7142328606
B,247,2516269.528988879
B,248,2479180.4068553923
B,249,2548026.2657779367
B,250,2383064.733170012
B,251,2440674.4316735454
B,252,2412745.1699355934
B,253,2269571.783806221
B,254,2392653.013834378
B,255,2523715.4763626345
B,256,2369650.227161555
B,257,2743983.0148188085
B,258,2307817.0504466314
B,259,2349641.1745678256
B,260,2135539.418660144
B,261,2387763.888729118
B,262,2334124.749673319
B,263,2558087.224460482
B,264,2393606.8060635314
B,265,2486484.8641782487
B,266,2472370.302193687
B,267,2434379.9236800466
B,268,2520249.133315902
B,269,2545297.4935934194
B,270,2467037.4514712496
B,271,2268376.470032789
B,272,2340613.2575048315
B,273,2513928.1766443662
B,274,2343963.7629279355
B,275,2527488.1313407086
B,276,2536532.6804491677
B,277,2631181.091219916
B,278,2268409.15579655
B,279,2720108.702020953
B,280,2618036.968822593
B,281,2412898.011003378
B,282,2534206.4177310504
B,283,2382127.7337981192
B,284,2361073.1397627415
B,285,2365981.9534352478
B,286,2524373.5198185127
B,287,2401307.6210461142
B,288,2389858.347232054
B,289,2507359.8177728103
B,290,2399355.802090493
B,291,2605152.6805066755
B,292,2441011.0064342567
B,293,2616464.6466031247
B,294,2584364.974691532
B,295,2314574.360742414
B,296,2418953.3264482357
B,297,2698140.3743561227
B,298,2452911.2325384
B,299,2781198.325130504
B,300,2530969.705226361
B,301,2306561.811998766
B,302,2749901.5785680492
B,303,2603165.3012029333
B,304,2405138.2961014225
B,305,2420609.7321653864
B,306,2219285.0367132802
B,307,2407384.455740971
B,308,2710776.0779861566
B,309,2406310.190053831
B,310,2404291.0544915507
B,311,2444842.009272028
B,312,2371175.026310404
B,313,2531663.842538432
B,314,2589712.2062116545
B,315,2756546.7196792187
B,316,2569310.1834626994
B,317,2556578.4441334065
B,318,2404837.256003906
B,319,2504169.168996071
B,320,2483062.232887401
B,321,2485082.339468249
B,322,2364900.9766900986
B,323,2327457.2585599306
B,324,2441302.1133227977
B,325,2264128.862876694
B,326,2746103.389841879
B,327,2735056.733820891
B,328,2264108.859730508
B,329,2591201.9672416765
B,330,2618123.2146562645
B,331,2118721.122297364
B,332,2415023.3260933296
B,333,2338732.3848409504
B,334,2492292.0484509156
B,335,2578410.74692527
B,336,2425155.646488799
B,337,2719848.9198004254
B,338,2401675.3953902526
B,339,2559123.8057278064
B,340,2546419.086458191
B,341,2497678.4773146273
B,342,2244227.210434874
B,343,2552318.385693243
B,344,2749445.7919497704
B,345,2236528.311614817
B,346,2527812.4966811934
B,347,2595871.3570973445
B,348,2257027.582163925
B,349,2543721.6105562868
B,350,2383597.994770059
B,351,2427855.191048713
B,352,2550360.8537232573
B,353,2376095.972110965
B,354,2490983.6421357086
B,355,2565457.687955824
B,356,2391156.2262790706
B,357,2412443.4059687075
B,358,2294552.6424864284
B,359,2430645.1344778165
B,360,2343522.682208273
B,361,2564154.8219501865
B,362,2150260.5035114517
B,363,2682818.05975824
B,364,2611633.9333740273
B,365,2407888.220045345
B,366,2182144.1917874212
B,367,2438147.356817835
B,368,2521500.856622397
B,369,2790165.0656981734
B,370,2239534.690336571
B,371,2326630.3347197035
B,372,2477724.0803362867
B,373,2539192.429109322
B,374,2580413.078755851
B,375,2173657.9512739163
B,376,2416850.692758924
B,377,2376369.220331009
B,378,2574401.2654270544
B,379,2414630.632805405
B,380,2329541.1740632094
B,381,2293128.1908024377
B,382,2428414.352986254
B,383,2579549.9010290545
B,384,2382474.165291478
B,385,2547701.2845144602
B,386,2395206.2737407903
B,387,2575588.642339906
B,388,2380272.3452698407
B,389,2820012.6231354554
B,390,2494188.7024167413
B,391,2575327.488787053
B,392,2285465.466023176
B,393,2529086.103708656
B,394,2577061.873834172
B,395,2523071.098139953
B,396,2410218.7720242436
B,397,2550627.957163944
B,398,2164741.667292081
B,399,2352612.0719326832
B,400,2344528.936852023
C,1,778778.4960416044
C,2,820954.8657265787
C,3,822056.5442100838
C,4,787264.5110011043
C,5,803331.419371143
C,6,785037.7586157126
C,7,784489.3760158563
C,8,783482.3039887059
C,9,817759.8564371644
C,10,816931.7601766963
C,11,760380.6373353995
C,12,743510.4553550229
C,13,749141.4512120293
C,14,781614.1207647566
C,15,764303.1464135061
C,16,814774.4559736778
C,17,773244.6158519619
C,18,722597.0861314129
C,19,782414.8532271434
C,20,713520.7558363025
C,21,839625.3935470493
C,22,757334.2837063249
C,23,856419.436043246
C,24,814951.696410818
C,25,703992.1764714706
C,26,785343.5815437081
C,27,815661.2832353199
C,28,755864.1454044764
C,29,803051.4547671725
C,30,781548.4378948803
C,31,787701.5992770154
C,32,778434.1327783543
C,33,788060.4787067573
C,34,835479.9639655349
C,35,771248.8949323548
C,36,785054.2036077462
C,37,803088.1968922681
C,38,775071.934774132
C,39,791896.1368312725
C,40,758418.5432932592
C,41,803827.739813076
C,42,745657.9152956078
C,43,763473.09905034455
C,44,770143.2964913839
C,45,717319.3543499936
C,46,777519.190101952
C,47,781843.0565846524
C,48,803137.8335335659
C,49,723773.4180441486
C,50,772157.1825898712
C,51,811885.1212179029
C,52,881967.1935165417
C,53,804698.1616998928
C,54,784532.0738603757
C,55,785682.6581625527
C,56,825083.7964860968
C,57,782506.6632500459
C,58,758410.7083218797
C,59,801903.52266803
C,60,778932.287094685
C,61,772792.74011191
C,62,790828.7971961518
C,63,817549.8722731315
C,64,767894.0716534129
C,65,818899.4010703082
C,66,779006.4218831698
C,67,783451.2581792572
C,68,821218.1242625822
C,69,815383.6926965122
C,70,771643.0954904091
C,71,725504.9976760825
C,72,784542.6441331231
C,73,741626.7231107752
C,74,745670.7682505143
C,75,792834.7824560993
C,76,806037.3840558829
C,77,798372.4004414852
C,78,774488.6276985958
C,79,775846.3340502307
C,80,755609.7292606161
C,81,849920.2825197214
C,82,819165.5534627782
C,83,736149.6931161477
C,84,790415.4748004477
C,85,756630.7202496395
C,86,795716.9778946642
C,87,677422.1764681432
C,88,781180.8357704094
C,89,769346.5864860337
C,90,762609.8477002423
C,91,730715.159308318
C,92,767026.972371716
C,93,757052.5469627053
C,94,773443.6870404162
C,95,812435.2352112725
C,96,782286.8510579326
C,97,759167.405096261
C,98,841988.9659970799
C,99,774220.8182027838
C,100,750677.8056866173
C,101,861950.1982408329
C,102,804875.0480932164
C,103,762057.782128875
C,104,790513.2825198998
C,105,799744.034044711
C,106,739321.7422452443
C,107,787538.8278956284
C,108,775788.8909080361
C,109,843658.8638870369
C,110,762180.037525598
C,111,748895.7398326405
C,112,732101.2649444026
C,113,818211.4047870556
C,114,831146.9725718424
C,115,743835.7847437296
C,116,862686.7903756822
C,117,730478.3889863018
C,118,752762.0559864338
C,119,811397.0507096727
C,120,834101.284921582
C,121,763573.9562504021
C,122,711799.285624475
C,123,769909.1419151812
C,124,792441.8236929986
C,125,791590.0326675847
C,126,823584.932514358
C,127,864699.8028843044
C,128,790100.9845445632
C,129,796333.5449972908
C,130,807646.4754422929
C,131,872607.9389336607
C,132,857649.8544332127
C,133,770639.0190951294
C,134,819825.2411988995
C,135,783423.8863030656
C,136,834233.8834092689
C,137,783391.7441723536
C,138,744143.1165777982
C,139,760980.5497616226
C,140,769165.9351490999
C,141,774659.0426156094
C,142,789124.9212371756
C,143,773946.2592595611
C,144,827252.5100173685
C,145,867203.150976519
C,146,767030.7880092448
C,147,835864.032796497
C,148,784084.3238931177
C,149,801686.8841306457
C,150,742834.6406059639
C,151,781780.6679403903
C,152,774324.3884856014
C,153,773405.5542030159
C,154,800520.1747533162
C,155,803053.190587936
C,156,755140.8620178084
C,157,810424.112160074
C,158,838377.9867379984
C,159,785464.3836822704
C,160,775930.3436207408
C,161,723742.2359730499
C,162,859182.4770930492
C,163,785570.6949339901
C,164,758664.4340265122
C,165,827315.8976236795
C,166,796196.2184305186
C,167,779327.7857955114
C,168,806939.4600966648
C,169,797856.2567391633
C,170,784153.0880720599
C,171,743777.6704116139
C,172,731074.9841241258
C,173,716665.8530361729
C,174,773337.3827717679
C,175,736114.2048552351
C,176,749650.3464779487
C,177,799139.7153215082
C,178,757746.6840901803
C,179,801111.5980694509
C,180,810140.1582847418
C,181,759516.4786178775
C,182,758010.1603283384
C,183,738517.6976659922
C,184,785228.559731198
C,185,752758.5506180017
C,186,849728.26488193
C,187,813853.2816636554
C,188,804896.3174303317
C,189,753297.9405444134
C,190,762165.201827831
C,191,785115.4098927339
C,192,768526.1717848405
C,193,802437.8717567358
C,194,781221.5700139758
C,195,784835.9583714289
C,196,771609.8593670627
C,197,800077.7938537374
C,198,798350.1494315106
C,199,751300.7395204438
C,200,771603.4790781848
C,201,787937.9757866743
C,202,765894.9945548892
C,203,840607.6515354789
C,204,776073.2177679054
C,205,788321.8237595849
C,206,762780.1927237414
C,207,795842.8609140667
C,208,745485.7905548891
C,209,802413.6721035015
C,210,773711.0487475485
C,211,737497.3126896851
C,212,798944.2132194748
C,213,724908.6738430916
C,214,743768.2333431775
C,215,757427.0010869374
C,216,861637.409305226
C,217,897371.7898553174
C,218,687715.7543202664
C,219,890983.2701716009
C,220,806811.3565980053
C,221,801909.5353733033
C,222,720767.084111748
C,223,748319.2483505225
C,224,724585.9962714626
C,225,789757.8766609186
C,226,741162.5517656449
C,227,777640.957600242
C,228,807289.6788427902
C,229,768701.5255760797
C,230,717223.0512258899
C,231,800900.6587131746
C,232,792214.9553574036
C,233,733649.151441227
C,234,762595.392301926
C,235,795021.1987531774
C,236,778131.6850888644
C,237,869111.6485509765
C,238,770249.1279106238
C,239,786329.7968911639
C,240,732668.7644221673
C,241,744268.3137072787
C,242,806611.6912781525
C,243,812779.6360566488
C,244,816301.6069277824
C,245,782949.8240982601
C,246,760295.1256980653
C,247,798282.3942183739
C,248,769072.9896121476
C,249,766985.0004120859
C,250,760543.5424965933
C,251,794320.896237151
C,252,803233.8251666491
C,253,812736.3964704904
C,254,812040.4758313182
C,255,730953.2615926894
C,256,785913.1809166042
C,257,747674.3926650382
C,258,747452.6457450627
C,259,782598.5908128023
C,260,803878.7680089697
C,261,769762.6879475935
C,262,810832.1374041777
C,263,728798.758541564
C,264,819887.963570754
C,265,740504.2096675464
C,266,784063.2036206216
C,267,758656.1352078264
C,268,781382.4003761353
C,269,782668.575355788
C,270,756368.964028277
C,271,743968.0580862322
C,272,795503.2610807031
C,273,829400.2012376728
C,274,741373.9493883488
C,275,780219.9184188899
C,276,808250.188403229
C,277,830063.0469650641
C,278,805680.6378527404
C,279,666315.5876744541
C,280,804622.6782262519
C,281,696988.2514819006
C,282,773870.8512368904
C,283,775266.5088673267
C,284,727643.1008870065
C,285,837055.2526446435
C,286,763114.4735111005
C,287,895893.8019259223
C,288,820759.9404469075
C,289,786026.120579555
C,290,825430.8767259266
C,291,801731.2637896482
C,292,788000.3193866182
C,293,775774.6966295562
C,294,815277.8461136603
C,295,766843.5504547643
C,296,820470.3959994166
C,297,792158.4846765999
C,298,896675.1282947051
C,299,749299.1787316655
C,300,780621.1432298546
C,301,763532.5315696896
C,302,733236.3100143812
C,303,784868.3934886231
C,304,751816.9961683754
C,305,707471.6213824158
C,306,756693.7477019291
C,307,792697.3588419118
C,308,859813.117146821
C,309,760539.5104909949
C,310,762214.1386779209
C,311,808804.1744623228
C,312,735086.2029158734
C,313,793663.8876002025
C,314,743692.421434272
C,315,800579.3439376832
C,316,860417.9487693364
C,317,797155.9724479081
C,318,746447.8477481344
C,319,798692.9387705703
C,320,777891.6553299631
C,321,789745.8169919624
C,322,801243.4998179955
C,323,807081.7489877061
C,324,778818.06686102
C,325,770941.324134518
C,326,786562.1723779408
C,327,780422.3967534994
C,328,785367.5212118967
C,329,810077.8716704343
C,330,848520.4349738831
C,331,797047.6698781602
C,332,776076.1868855563
C,333,748118.8006752376
C,334,819732.2630730588
C,335,774334.0801224852
C,336,767934.9882863174
C,337,792471.2087339576
C,338,818540.6478784987
C,339,827735.1379992389
C,340,699500.9251934254
C,341,834052.8333846907
C,342,815687.300091299
C,343,752716.8106933541
C,344,764036.0160903804
C,345,811249.5898539802
C,346,809531.344091503
C,347,761222.5253331546
C,348,803099.4727113
C,349,772170.3400131318
C,350,797116.2288821365
C,351,761018.938653573
C,352,787621.5058065586
C,353,805796.4093768618
C,354,750024.3422248617
C,355,793746.1613090744
C,356,816351.0723102322
C,357,835081.0523257215
C,358,820478.9314212907
C,359,778126.4719470002
C,360,781120.4059054548
C,361,857720.4226123455
C,362,807268.7681950309
C,363,794900.5378124269
C,364,748840.8816730884
C,365,718766.8408123824
C,366,836059.0464287006
C,367,763989.5659181568
C,368,768413.0570238351
C,369,839103.5841523033
C,370,801556.7520427795
C,371,812213.7116471593
C,372,763718.4049930811
C,373,758550.2406498566
C,374,838198.0925535662
C,375,934240.4049620376
C,376,822829.9857822809
C,377,773937.1376599866
C,378,856904.9027355687
C,379,824834.9009319274
C,380,723609.8592892586
C,381,693148.7055084117
C,382,805811.5249712357
C,383,788137.8713240685
C,384,760832.7018383566
C,385,747069.2426975932
C,386,811718.9851462208
C,387,768942.0146467005
C,388,795548.4914975393
C,389,796010.3759483931
C,390,750390.4054884784
C,391,820966.1736640176
C,392,788664.8693485806
C,393,720682.8665546618
C,394,806927.528522899
C,395,813430.4611419821
C,396,785513.2254228417
C,397,813428.723198671
C,398,755195.6953408745
C,399,834233.8397208832
C,400,841908.1593667276
