scenario,draw,phase,days
A,1,1,10
A,1,2,34
A,1,3,16
A,2,1,13
A,2,2,36
A,2,3,11
A,3,1,13
A,3,2,30
A,3,3,17
A,4,1,13
A,4,2,36
A,4,3,11
A,5,1,14
A,5,2,34
A,5,3,12
A,6,1,14
A,6,2,34
A,6,3,12
A,7,1,16
A,7,2,33
A,7,3,11
A,8,1,11
A,8,2,36
A,8,3,13
A,9,1,14
A,9,2,37
A,9,3,9
A,10,1,10
A,10,2,40
A,10,3,10
A,11,1,14
A,11,2,34
A,11,3,12
A,12,1,14
A,12,2,38
A,12,3,8
A,13,1,10
A,13,2,40
A,13,3,10
A,14,1,13
A,14,2,33
A,14,3,14
A,15,1,12
A,15,2,37
A,15,3,11
A,16,1,9
A,16,2,41
A,16,3,10
A,17,1,14
A,17,2,35
A,17,3,11
A,18,1,12
A,18,2,37
A,18,3,11
A,19,1,13
A,19,2,36
A,19,3,11
A,20,1,14
A,20,2,29
A,20,3,17
A,21,1,10
A,21,2,34
A,21,3,16
A,22,1,10
A,22,2,35
A,22,3,15
A,23,1,14
A,23,2,37
A,23,3,9
A,24,1,12
A,24,2,35
A,24,3,13
A,25,1,11
A,25,2,35
A,25,3,14
A,26,1,12
A,26,2,36
A,26,3,12
A,27,1,9
A,27,2,38
A,27,3,13
A,28,1,10
A,28,2,39
A,28,3,11
A,29,1,9
A,29,2,36
A,29,3,15
A,30,1,10
A,30,2,35
A,30,3,15
A,31,1,11
A,31,2,37
A,31,3,12
A,32,1,10
A,32,2,38
A,32,3,12
A,33,1,11
A,33,2,38
A,33,3,11
A,34,1,10
A,34,2,41
A,34,3,9
A,35,1,10
A,35,2,37
A,35,3,13
A,36,1,15
A,36,2,34
A,36,3,11
A,37,1,14
A,37,2,32
A,37,3,14
A,38,1,10
A,38,2,37
A,38,3,13
A,39,1,15
A,39,2,33
A,39,3,12
A,40,1,10
A,40,2,36
A,40,3,14
A,41,1,11
A,41,2,35
A,41,3,14
A,42,1,17
A,42,2,32
A,42,3,11
A,43,1,9
A,43,2,40
A,43,3,11
A,44,1,12
A,44,2,39
A,44,3,9
A,45,1,13
A,45,2,33
A,45,3,14
A,46,1,12
A,46,2,34
A,46,3,14
A,47,1,13
A,47,2,33
A,47,3,14
A,48,1,9
A,48,2,37
A,48,3,14
A,49,1,14
A,49,2,37
A,49,3,9
A,50,1,18
A,50,2,35
A,50,3,7
A,51,1,14
A,51,2,35
A,51,3,11
A,52,1,15
A,52,2,32
A,52,3,13
A,53,1,9
A,53,2,39
A,53,3,12
A,54,1,10
A,54,2,38
A,54,3,12
A,55,1,13
A,55,2,40
A,55,3,7
A,56,1,11
A,56,2,36
A,56,3,13
A,57,1,13
A,57,2,34
A,57,3,13
A,58,1,10
A,58,2,37
A,58,3,13
A,59,1,12
A,59,2,35
A,59,3,13
A,60,1,11
A,60,2,36
A,60,3,13
A,61,1,12
A,61,2,30
A,61,3,18
A,62,1,7
A,62,2,42
A,62,3,11
A,63,1,15
A,63,2,23
A,63,3,22
A,64,1,15
A,64,2,37
A,64,3,8
A,65,1,10
A,65,2,43
A,65,3,7
A,66,1,12
A,66,2,37
A,66,3,11
A,67,1,13
A,67,2,36
A,67,3,11
A,68,1,12
A,68,2,36
A,68,3,12
A,69,1,10
A,69,2,41
A,69,3,9
A,70,1,11
A,70,2,31
A,70,3,18
A,71,1,8
A,71,2,43
A,71,3,9
A,72,1,14
A,72,2,28
A,72,3,18
A,73,1,10
A,73,2,44
A,73,3,6
A,74,1,11
A,74,2,38
A,74,3,11
A,75,1,10
A,75,2,40
A,75,3,10
A,76,1,11
A,76,2,35
A,76,3,14
A,77,1,15
A,77,2,29
A,77,3,16
A,78,1,11
A,78,2,39
A,78,3,10
A,79,1,12
A,79,2,35
A,79,3,13
A,80,1,14
A,80,2,32
A,80,3,14
A,81,1,11
A,81,2,40
A,81,3,9
A,82,1,10
A,82,2,33
A,82,3,17
A,83,1,16
A,83,2,32
A,83,3,12
A,84,1,17
A,84,2,31
A,84,3,12
A,85,1,13
A,85,2,30
A,85,3,17
A,86,1,11
A,86,2,34
A,86,3,15
A,87,1,10
A,87,2,35
A,87,3,15
A,88,1,16
A,88,2,34
A,88,3,10
A,89,1,10
A,89,2,36
A,89,3,14
A,90,1,9
A,90,2,40
A,90,3,11
A,91,1,15
A,91,2,34
A,91,3,11
A,92,1,12
A,92,2,39
A,92,3,9
A,93,1,13
A,93,2,37
A,93,3,10
A,94,1,12
A,94,2,32
A,94,3,16
A,95,1,15
A,95,2,29
A,95,3,16
A,96,1,12
A,96,2,35
A,96,3,13
A,97,1,12
A,97,2,34
A,97,3,14
A,98,1,14
A,98,2,29
A,98,3,17
A,99,1,12
A,99,2,40
A,99,3,8
A,100,1,20
A,100,2,26
A,100,3,14
A,101,1,14
A,101,2,32
A,101,3,14
A,102,1,15
A,102,2,32
A,102,3,13
A,103,1,11
A,103,2,40
A,103,3,9
A,104,1,12
A,104,2,34
A,104,3,14
A,105,1,13
A,105,2,34
A,105,3,13
A,106,1,13
A,106,2,37
A,106,3,10
A,107,1,13
A,107,2,35
A,107,3,12
A,108,1,10
A,108,2,38
A,108,3,12
A,109,1,14
A,109,2,33
A,109,3,13
A,110,1,10
A,110,2,35
A,110,3,15
A,111,1,13
A,111,2,27
A,111,3,20
A,112,1,12
A,112,2,36
A,112,3,12
A,113,1,10
A,113,2,38
A,113,3,12
A,114,1,15
A,114,2,32
A,114,3,13
A,115,1,13
A,115,2,37
A,115,3,10
A,116,1,12
A,116,2,36
A,116,3,12
A,117,1,12
A,117,2,37
A,117,3,11
A,118,1,11
A,118,2,38
A,118,3,11
A,119,1,13
A,119,2,34
A,119,3,13
A,120,1,12
A,120,2,34
A,120,3,14
A,121,1,11
A,121,2,40
A,121,3,9
A,122,1,12
A,122,2,39
A,122,3,9
A,123,1,13
A,123,2,35
A,123,3,12
A,124,1,16
A,124,2,35
A,124,3,9
A,125,1,14
A,125,2,35
A,125,3,11
A,126,1,11
A,126,2,38
A,126,3,11
A,127,1,12
A,127,2,38
A,127,3,10
A,128,1,11
A,128,2,35
A,128,3,14
A,129,1,11
A,129,2,37
A,129,3,12
A,130,1,9
A,130,2,38
A,130,3,13
A,131,1,10
A,131,2,39
A,131,3,11
A,132,1,12
A,132,2,38
A,132,3,10
A,133,1,10
A,133,2,39
A,133,3,11
A,134,1,10
A,134,2,44
A,134,3,6
A,135,1,13
A,135,2,35
A,135,3,12
A,136,1,8
A,136,2,42
A,136,3,10
A,137,1,8
A,137,2,41
A,137,3,11
A,138,1,16
A,138,2,36
A,138,3,8
A,139,1,10
A,139,2,36
A,139,3,14
A,140,1,11
A,140,2,40
A,140,3,9
A,141,1,12
A,141,2,38
A,141,3,10
A,142,1,8
A,142,2,42
A,142,3,10
A,143,1,18
A,143,2,30
A,143,3,12
A,144,1,12
A,144,2,31
A,144,3,17
A,145,1,9
A,145,2,36
A,145,3,15
A,146,1,13
A,146,2,34
A,146,3,13
A,147,1,13
A,147,2,32
A,147,3,15
A,148,1,18
A,148,2,29
A,148,3,13
A,149,1,13
A,149,2,35
A,149,3,12
A,150,1,9
A,150,2,37
A,150,3,14
A,151,1,10
A,151,2,36
A,151,3,14
A,152,1,14
A,152,2,35
A,152,3,11
A,153,1,12
A,153,2,40
A,153,3,8
A,154,1,7
A,154,2,40
A,154,3,13
A,155,1,18
A,155,2,34
A,155,3,8
A,156,1,16
A,156,2,35
A,156,3,9
A,157,1,13
A,157,2,33
A,157,3,14
A,158,1,11
A,158,2,36
A,158,3,13
A,159,1,12
A,159,2,36
A,159,3,12
A,160,1,8
A,160,2,38
A,160,3,14
A,161,1,7
A,161,2,45
A,161,3,8
A,162,1,15
A,162,2,30
A,162,3,15
A,163,1,12
A,163,2,38
A,163,3,10
A,164,1,12
A,164,2,37
A,164,3,11
A,165,1,10
A,165,2,36
A,165,3,14
A,166,1,11
A,166,2,40
A,166,3,9
A,167,1,15
A,167,2,35
A,167,3,10
A,168,1,14
A,168,2,37
A,168,3,9
A,169,1,10
A,169,2,39
A,169,3,11
A,170,1,19
A,170,2,31
A,170,3,10
A,171,1,12
A,171,2,40
A,171,3,8
A,172,1,11
A,172,2,39
A,172,3,10
A,173,1,13
A,173,2,34
A,173,3,13
A,174,1,19
A,174,2,27
A,174,3,14
A,175,1,11
A,175,2,33
A,175,3,16
A,176,1,11
A,176,2,36
A,176,3,13
A,177,1,9
A,177,2,36
A,177,3,15
A,178,1,12
A,178,2,39
A,178,3,9
A,179,1,14
A,179,2,32
A,179,3,14
A,180,1,10
A,180,2,36
A,180,3,14
A,181,1,11
A,181,2,40
A,181,3,9
A,182,1,14
A,182,2,35
A,182,3,11
A,183,1,16
A,183,2,31
A,183,3,13
A,184,1,13
A,184,2,33
A,184,3,14
A,185,1,9
A,185,2,39
A,185,3,12
A,186,1,11
A,186,2,39
A,186,3,10
A,187,1,13
A,187,2,36
A,187,3,11
A,188,1,13
A,188,2,29
A,188,3,18
A,189,1,11
A,189,2,39
A,189,3,10
A,190,1,8
A,190,2,40
A,190,3,12
A,191,1,12
A,191,2,41
A,191,3,7
A,192,1,15
A,192,2,32
A,192,3,13
A,193,1,9
A,193,2,37
A,193,3,14
A,194,1,12
A,194,2,36
A,194,3,12
A,195,1,14
A,195,2,34
A,195,3,12
A,196,1,13
A,196,2,37
A,196,3,10
A,197,1,13
A,197,2,31
A,197,3,16
A,198,1,9
A,198,2,33
A,198,3,18
A,199,1,11
A,199,2,39
A,199,3,10
A,200,1,11
A,200,2,37
A,200,3,12
A,201,1,12
A,201,2,36
A,201,3,12
A,202,1,11
A,202,2,42
A,202,3,7
A,203,1,16
A,203,2,32
A,203,3,12
A,204,1,14
A,204,2,36
A,204,3,10
A,205,1,12
A,205,2,35
A,205,3,13
A,206,1,14
A,206,2,36
A,206,3,10
A,207,1,15
A,207,2,36
A,207,3,9
A,208,1,8
A,208,2,40
A,208,3,12
A,209,1,14
A,209,2,32
A,209,3,14
A,210,1,7
A,210,2,39
A,210,3,14
A,211,1,12
A,211,2,40
A,211,3,8
A,212,1,14
A,212,2,29
A,212,3,17
A,213,1,10
A,213,2,34
A,213,3,16
A,214,1,16
A,214,2,30
A,214,3,14
A,215,1,11
A,215,2,37
A,215,3,12
A,216,1,14
A,216,2,33
A,216,3,13
A,217,1,14
A,217,2,33
A,217,3,13
A,218,1,7
A,218,2,42
A,218,3,11
A,219,1,21
A,219,2,22
A,219,3,17
A,220,1,15
A,220,2,34
A,220,3,11
A,221,1,9
A,221,2,40
A,221,3,11
A,222,1,12
A,222,2,38
A,222,3,10
A,223,1,8
A,223,2,38
A,223,3,14
A,224,1,11
A,224,2,36
A,224,3,13
A,225,1,7
A,225,2,37
A,225,3,16
A,226,1,9
A,226,2,41
A,226,3,10
A,227,1,11
A,227,2,37
A,227,3,12
A,228,1,9
A,228,2,41
A,228,3,10
A,229,1,14
A,229,2,36
A,229,3,10
A,230,1,16
A,230,2,35
A,230,3,9
A,231,1,12
A,231,2,38
A,231,3,10
A,232,1,11
A,232,2,38
A,232,3,11
A,233,1,8
A,233,2,42
A,233,3,10
A,234,1,11
A,234,2,36
A,234,3,13
A,235,1,12
A,235,2,37
A,235,3,11
A,236,1,15
A,236,2,32
A,236,3,13
A,237,1,10
A,237,2,38
A,237,3,12
A,238,1,11
A,238,2,37
A,238,3,12
A,239,1,11
A,239,2,39
A,239,3,10
A,240,1,16
A,240,2,27
A,240,3,17
A,241,1,10
A,241,2,36
A,241,3,14
A,242,1,10
A,242,2,35
A,242,3,15
A,243,1,11
A,243,2,33
A,243,3,16
A,244,1,14
A,244,2,37
A,244,3,9
A,245,1,9
A,245,2,35
A,245,3,16
A,246,1,13
A,246,2,35
A,246,3,12
A,247,1,10
A,247,2,41
A,247,3,9
A,248,1,11
A,248,2,37
A,248,3,12
A,249,1,11
A,249,2,34
A,249,3,15
A,250,1,11
A,250,2,35
A,250,3,14
A,251,1,13
A,251,2,38
A,251,3,9
A,252,1,8
A,252,2,41
A,252,3,11
A,253,1,9
A,253,2,41
A,253,3,10
A,254,1,9
A,254,2,35
A,254,3,16
A,255,1,17
A,255,2,29
A,255,3,14
A,256,1,16
A,256,2,28
A,256,3,16
A,257,1,9
A,257,2,39
A,257,3,12
A,258,1,10
A,258,2,41
A,258,3,9
A,259,1,11
A,259,2,33
A,259,3,16
A,260,1,12
A,260,2,36
A,260,3,12
A,261,1,10
A,261,2,38
A,261,3,12
A,262,1,11
A,262,2,38
A,262,3,11
A,263,1,7
A,263,2,43
A,263,3,10
A,264,1,14
A,264,2,36
A,264,3,10
A,265,1,14
A,265,2,33
A,265,3,13
A,266,1,12
A,266,2,34
A,266,3,14
A,267,1,11
A,267,2,38
A,267,3,11
A,268,1,6
A,268,2,42
A,268,3,12
A,269,1,14
A,269,2,34
A,269,3,12
A,270,1,10
A,270,2,40
A,270,3,10
A,271,1,13
A,271,2,33
A,271,3,14
A,272,1,12
A,272,2,38
A,272,3,10
A,273,1,10
A,273,2,34
A,273,3,16
A,274,1,16
A,274,2,35
A,274,3,9
A,275,1,14
A,275,2,36
A,275,3,10
A,276,1,9
A,276,2,40
A,276,3,11
A,277,1,11
A,277,2,39
A,277,3,10
A,278,1,9
A,278,2,36
A,278,3,15
A,279,1,14
A,279,2,33
A,279,3,13
A,280,1,12
A,280,2,36
A,280,3,12
A,281,1,11
A,281,2,35
A,281,3,14
A,282,1,11
A,282,2,40
A,282,3,9
A,283,1,11
A,283,2,38
A,283,3,11
A,284,1,9
A,284,2,38
A,284,3,13
A,285,1,9
A,285,2,37
A,285,3,14
A,286,1,17
A,286,2,28
A,286,3,15
A,287,1,6
A,287,2,42
A,287,3,12
A,288,1,12
A,288,2,38
A,288,3,10
A,289,1,12
A,289,2,38
A,289,3,10
A,290,1,15
A,290,2,32
A,290,3,13
A,291,1,9
A,291,2,39
A,291,3,12
A,292,1,11
A,292,2,41
A,292,3,8
A,293,1,12
A,293,2,34
A,293,3,14
A,294,1,13
A,294,2,37
A,294,3,10
A,295,1,9
A,295,2,37
A,295,3,14
A,296,1,11
A,296,2,40
A,296,3,9
A,297,1,12
A,297,2,38
A,297,3,10
A,298,1,12
A,298,2,39
A,298,3,9
A,299,1,12
A,299,2,33
A,299,3,15
A,300,1,16
A,300,2,34
A,300,3,10
A,301,1,10
A,301,2,39
A,301,3,11
A,302,1,10
A,302,2,37
A,302,3,13
A,303,1,14
A,303,2,33
A,303,3,13
A,304,1,13
A,304,2,38
A,304,3,9
A,305,1,12
A,305,2,34
A,305,3,14
A,306,1,12
A,306,2,32
A,306,3,16
A,307,1,11
A,307,2,36
A,307,3,13
A,308,1,15
A,308,2,35
A,308,3,10
A,309,1,14
A,309,2,36
A,309,3,10
A,310,1,11
A,310,2,36
A,310,3,13
A,311,1,13
A,311,2,32
A,311,3,15
A,312,1,14
A,312,2,31
A,312,3,15
A,313,1,15
A,313,2,31
A,313,3,14
A,314,1,15
A,314,2,27
A,314,3,18
A,315,1,14
A,315,2,33
A,315,3,13
A,316,1,14
A,316,2,35
A,316,3,11
A,317,1,17
A,317,2,33
A,317,3,10
A,318,1,11
A,318,2,38
A,318,3,11
A,319,1,17
A,319,2,29
A,319,3,14
A,320,1,15
A,320,2,32
A,320,3,13
A,321,1,15
A,321,2,31
A,321,3,14
A,322,1,11
A,322,2,38
A,322,3,11
A,323,1,18
A,323,2,29
A,323,3,13
A,324,1,9
A,324,2,38
A,324,3,13
A,325,1,12
A,325,2,34
A,325,3,14
A,326,1,8
A,326,2,37
A,326,3,15
A,327,1,17
A,327,2,31
A,327,3,12
A,328,1,11
A,328,2,38
A,328,3,11
A,329,1,17
A,329,2,35
A,329,3,8
A,330,1,12
A,330,2,35
A,330,3,13
A,331,1,17
A,331,2,31
A,331,3,12
A,332,1,13
A,332,2,35
A,332,3,12
A,333,1,11
A,333,2,41
A,333,3,8
A,334,1,13
A,334,2,38
A,334,3,9
A,335,1,8
A,335,2,38
A,335,3,14
A,336,1,19
A,336,2,26
A,336,3,15
A,337,1,13
A,337,2,32
A,337,3,15
A,338,1,13
A,338,2,31
A,338,3,16
A,339,1,12
A,339,2,34
A,339,3,14
A,340,1,15
A,340,2,32
A,340,3,13
A,341,1,11
A,341,2,33
A,341,3,16
A,342,1,13
A,342,2,34
A,342,3,13
A,343,1,10
A,343,2,36
A,343,3,14
A,344,1,11
A,344,2,39
A,344,3,10
A,345,1,10
A,345,2,40
A,345,3,10
A,346,1,13
A,346,2,36
A,346,3,11
A,347,1,10
A,347,2,36
A,347,3,14
A,348,1,11
A,348,2,40
A,348,3,9
A,349,1,13
A,349,2,34
A,349,3,13
A,350,1,12
A,350,2,34
A,350,3,14
A,351,1,14
A,351,2,30
A,351,3,16
A,352,1,13
A,352,2,35
A,352,3,12
A,353,1,13
A,353,2,35
A,353,3,12
A,354,1,14
A,354,2,37
A,354,3,9
A,355,1,13
A,355,2,33
A,355,3,14
A,356,1,9
A,356,2,43
A,356,3,8
A,357,1,12
A,357,2,31
A,357,3,17
A,358,1,9
A,358,2,42
A,358,3,9
A,359,1,8
A,359,2,40
A,359,3,12
A,360,1,11
A,360,2,41
A,360,3,8
A,361,1,14
A,361,2,32
A,361,3,14
A,362,1,8
A,362,2,38
A,362,3,14
A,363,1,15
A,363,2,32
A,363,3,13
A,364,1,14
A,364,2,38
A,364,3,8
A,365,1,14
A,365,2,35
A,365,3,11
A,366,1,10
A,366,2,33
A,366,3,17
A,367,1,11
A,367,2,35
A,367,3,14
A,368,1,20
A,368,2,29
A,368,3,11
A,369,1,13
A,369,2,34
A,369,3,13
A,370,1,12
A,370,2,37
A,370,3,11
A,371,1,17
A,371,2,32
A,371,3,11
A,372,1,12
A,372,2,35
A,372,3,13
A,373,1,9
A,373,2,39
A,373,3,12
A,374,1,16
A,374,2,31
A,374,3,13
A,375,1,16
A,375,2,34
A,375,3,10
A,376,1,14
A,376,2,31
A,376,3,15
A,377,1,12
A,377,2,34
A,377,3,14
A,378,1,9
A,378,2,40
A,378,3,11
A,379,1,11
A,379,2,38
A,379,3,11
A,380,1,15
A,380,2,34
A,380,3,11
A,381,1,10
A,381,2,40
A,381,3,10
A,382,1,8
A,382,2,37
A,382,3,15
A,383,1,15
A,383,2,33
A,383,3,12
A,384,1,7
A,384,2,41
A,384,3,12
A,385,1,12
A,385,2,39
A,385,3,9
A,386,1,14
A,386,2,36
A,386,3,10
A,387,1,18
A,387,2,31
A,387,3,11
A,388,1,15
A,388,2,33
A,388,3,12
A,389,1,12
A,389,2,40
A,389,3,8
A,390,1,10
A,390,2,40
A,390,3,10
A,391,1,13
A,391,2,35
A,391,3,12
A,392,1,13
A,392,2,33
A,392,3,14
A,393,1,10
A,393,2,35
A,393,3,15
A,394,1,14
A,394,2,34
A,394,3,12
A,395,1,11
A,395,2,40
A,395,3,9
A,396,1,5
A,396,2,44
A,396,3,11
A,397,1,12
A,397,2,35
A,397,3,13
A,398,1,13
A,398,2,35
A,398,3,12
A,399,1,12
A,399,2,31
A,399,3,17
A,400,1,10
A,400,2,38
A,400,3,12
B,1,1,11
B,1,2,25
B,1,3,9
B,2,1,11
B,2,2,23
B,2,3,11
B,3,1,13
B,3,2,21
B,3,3,11
B,4,1,13
B,4,2,19
B,4,3,13
B,5,1,13
B,5,2,21
B,5,3,11
B,6,1,14
B,6,2,23
B,6,3,8
B,7,1,10
B,7,2,23
B,7,3,12
B,8,1,11
B,8,2,22
B,8,3,12
B,9,1,6
B,9,2,28
B,9,3,11
B,10,1,12
B,10,2,22
B,10,3,11
B,11,1,11
B,11,2,22
B,11,3,12
B,12,1,11
B,12,2,26
B,12,3,8
B,13,1,9
B,13,2,25
B,13,3,11
B,14,1,13
B,14,2,20
B,14,3,12
B,15,1,15
B,15,2,20
B,15,3,10
B,16,1,10
B,16,2,25
B,16,3,10
B,17,1,15
B,17,2,19
B,17,3,11
B,18,1,12
B,18,2,22
B,18,3,11
B,19,1,9
B,19,2,19
B,19,3,17
B,20,1,15
B,20,2,18
B,20,3,12
B,21,1,13
B,21,2,22
B,21,3,10
B,22,1,11
B,22,2,22
B,22,3,12
B,23,1,14
B,23,2,18
B,23,3,13
B,24,1,11
B,24,2,24
B,24,3,10
B,25,1,8
B,25,2,24
B,25,3,13
B,26,1,11
B,26,2,22
B,26,3,12
B,27,1,11
B,27,2,20
B,27,3,14
B,28,1,10
B,28,2,25
B,28,3,10
B,29,1,16
B,29,2,19
B,29,3,10
B,30,1,11
B,30,2,23
B,30,3,11
B,31,1,14
B,31,2,20
B,31,3,11
B,32,1,12
B,32,2,24
B,32,3,9
B,33,1,11
B,33,2,21
B,33,3,13
B,34,1,9
B,34,2,24
B,34,3,12
B,35,1,9
B,35,2,28
B,35,3,8
B,36,1,10
B,36,2,25
B,36,3,10
B,37,1,13
B,37,2,19
B,37,3,13
B,38,1,9
B,38,2,21
B,38,3,15
B,39,1,10
B,39,2,26
B,39,3,9
B,40,1,13
B,40,2,20
B,40,3,12
B,41,1,12
B,41,2,20
B,41,3,13
B,42,1,10
B,42,2,27
B,42,3,8
B,43,1,9
B,43,2,27
B,43,3,9
B,44,1,10
B,44,2,23
B,44,3,12
B,45,1,14
B,45,2,22
B,45,3,9
B,46,1,12
B,46,2,19
B,46,3,14
B,47,1,12
B,47,2,20
B,47,3,13
B,48,1,12
B,48,2,25
B,48,3,8
B,49,1,17
B,49,2,20
B,49,3,8
B,50,1,10
B,50,2,23
B,50,3,12
B,51,1,9
B,51,2,23
B,51,3,13
B,52,1,14
B,52,2,15
B,52,3,16
B,53,1,12
B,53,2,26
B,53,3,7
B,54,1,11
B,54,2,26
B,54,3,8
B,55,1,12
B,55,2,23
B,55,3,10
B,56,1,13
B,56,2,21
B,56,3,11
B,57,1,12
B,57,2,22
B,57,3,11
B,58,1,11
B,58,2,21
B,58,3,13
B,59,1,13
B,59,2,23
B,59,3,9
B,60,1,10
B,60,2,25
B,60,3,10
B,61,1,11
B,61,2,24
B,61,3,10
B,62,1,13
B,62,2,17
B,62,3,15
B,63,1,11
B,63,2,23
B,63,3,11
B,64,1,9
B,64,2,22
B,64,3,14
B,65,1,13
B,65,2,20
B,65,3,12
B,66,1,11
B,66,2,25
B,66,3,9
B,67,1,6
B,67,2,28
B,67,3,11
B,68,1,8
B,68,2,27
B,68,3,10
B,69,1,10
B,69,2,24
B,69,3,11
B,70,1,11
B,70,2,24
B,70,3,10
B,71,1,11
B,71,2,24
B,71,3,10
B,72,1,10
B,72,2,26
B,72,3,9
B,73,1,12
B,73,2,20
B,73,3,13
B,74,1,14
B,74,2,26
B,74,3,5
B,75,1,13
B,75,2,24
B,75,3,8
B,76,1,10
B,76,2,26
B,76,3,9
B,77,1,11
B,77,2,26
B,77,3,8
B,78,1,12
B,78,2,18
B,78,3,15
B,79,1,12
B,79,2,24
B,79,3,9
B,80,1,12
B,80,2,20
B,80,3,13
B,81,1,11
B,81,2,27
B,81,3,7
B,82,1,9
B,82,2,21
B,82,3,15
B,83,1,12
B,83,2,26
B,83,3,7
B,84,1,11
B,84,2,23
B,84,3,11
B,85,1,14
B,85,2,19
B,85,3,12
B,86,1,10
B,86,2,21
B,86,3,14
B,87,1,10
B,87,2,23
B,87,3,12
B,88,1,10
B,88,2,19
B,88,3,16
B,89,1,12
B,89,2,24
B,89,3,9
B,90,1,15
B,90,2,20
B,90,3,10
B,91,1,13
B,91,2,21
B,91,3,11
B,92,1,14
B,92,2,23
B,92,3,8
B,93,1,13
B,93,2,18
B,93,3,14
B,94,1,13
B,94,2,19
B,94,3,13
B,95,1,12
B,95,2,19
B,95,3,14
B,96,1,12
B,96,2,20
B,96,3,13
B,97,1,14
B,97,2,25
B,97,3,6
B,98,1,14
B,98,2,21
B,98,3,10
B,99,1,13
B,99,2,14
B,99,3,18
B,100,1,10
B,100,2,22
B,100,3,13
B,101,1,9
B,101,2,26
B,101,3,10
B,102,1,10
B,102,2,23
B,102,3,12
B,103,1,8
B,103,2,26
B,103,3,11
B,104,1,12
B,104,2,22
B,104,3,11
B,105,1,11
B,105,2,22
B,105,3,12
B,106,1,11
B,106,2,20
B,106,3,14
B,107,1,10
B,107,2,23
B,107,3,12
B,108,1,6
B,108,2,33
B,108,3,6
B,109,1,7
B,109,2,27
B,109,3,11
B,110,1,9
B,110,2,22
B,110,3,14
B,111,1,10
B,111,2,23
B,111,3,12
B,112,1,14
B,112,2,17
B,112,3,14
B,113,1,13
B,113,2,16
B,113,3,16
B,114,1,7
B,114,2,23
B,114,3,15
B,115,1,10
B,115,2,25
B,115,3,10
B,116,1,13
B,116,2,23
B,116,3,9
B,117,1,9
B,117,2,23
B,117,3,13
B,118,1,8
B,118,2,24
B,118,3,13
B,119,1,12
B,119,2,20
B,119,3,13
B,120,1,10
B,120,2,20
B,120,3,15
B,121,1,13
B,121,2,21
B,121,3,11
B,122,1,8
B,122,2,28
B,122,3,9
B,123,1,11
B,123,2,25
B,123,3,9
B,124,1,12
B,124,2,25
B,124,3,8
B,125,1,11
B,125,2,21
B,125,3,13
B,126,1,14
B,126,2,19
B,126,3,12
B,127,1,11
B,127,2,20
B,127,3,14
B,128,1,12
B,128,2,19
B,128,3,14
B,129,1,10
B,129,2,24
B,129,3,11
B,130,1,11
B,130,2,18
B,130,3,16
B,131,1,11
B,131,2,24
B,131,3,10
B,132,1,9
B,132,2,25
B,132,3,11
B,133,1,12
B,133,2,23
B,133,3,10
B,134,1,10
B,134,2,22
B,134,3,13
B,135,1,11
B,135,2,20
B,135,3,14
B,136,1,15
B,136,2,22
B,136,3,8
B,137,1,12
B,137,2,20
B,137,3,13
B,138,1,10
B,138,2,25
B,138,3,10
B,139,1,12
B,139,2,22
B,139,3,11
B,140,1,9
B,140,2,25
B,140,3,11
B,141,1,11
B,141,2,22
B,141,3,12
B,142,1,8
B,142,2,26
B,142,3,11
B,143,1,8
B,143,2,25
B,143,3,12
B,144,1,11
B,144,2,21
B,144,3,13
B,145,1,9
B,145,2,25
B,145,3,11
B,146,1,13
B,146,2,18
B,146,3,14
B,147,1,10
B,147,2,22
B,147,3,13
B,148,1,12
B,148,2,22
B,148,3,11
B,149,1,9
B,149,2,26
B,149,3,10
B,150,1,11
B,150,2,22
B,150,3,12
B,151,1,9
B,151,2,26
B,151,3,10
B,152,1,8
B,152,2,24
B,152,3,13
B,153,1,14
B,153,2,20
B,153,3,11
B,154,1,12
B,154,2,19
B,154,3,14
B,155,1,9
B,155,2,26
B,155,3,10
B,156,1,12
B,156,2,21
B,156,3,12
B,157,1,12
B,157,2,25
B,157,3,8
B,158,1,11
B,158,2,26
B,158,3,8
B,159,1,14
B,159,2,21
B,159,3,10
B,160,1,9
B,160,2,24
B,160,3,12
B,161,1,11
B,161,2,21
B,161,3,13
B,162,1,12
B,162,2,20
B,162,3,13
B,163,1,12
B,163,2,25
B,163,3,8
B,164,1,11
B,164,2,25
B,164,3,9
B,165,1,17
B,165,2,13
B,165,3,15
B,166,1,10
B,166,2,24
B,166,3,11
B,167,1,12
B,167,2,22
B,167,3,11
B,168,1,8
B,168,2,26
B,168,3,11
B,169,1,11
B,169,2,22
B,169,3,12
B,170,1,12
B,170,2,20
B,170,3,13
B,171,1,14
B,171,2,18
B,171,3,13
B,172,1,12
B,172,2,22
B,172,3,11
B,173,1,12
B,173,2,22
B,173,3,11
B,174,1,12
B,174,2,21
B,174,3,12
B,175,1,14
B,175,2,18
B,175,3,13
B,176,1,8
B,176,2,25
B,176,3,12
B,177,1,14
B,177,2,23
B,177,3,8
B,178,1,11
B,178,2,21
B,178,3,13
B,179,1,11
B,179,2,23
B,179,3,11
B,180,1,9
B,180,2,28
B,180,3,8
B,181,1,10
B,181,2,25
B,181,3,10
B,182,1,12
B,182,2,24
B,182,3,9
B,183,1,13
B,183,2,22
B,183,3,10
B,184,1,12
B,184,2,23
B,184,3,10
B,185,1,11
B,185,2,24
B,185,3,10
B,186,1,7
B,186,2,21
B,186,3,17
B,187,1,13
B,187,2,21
B,187,3,11
B,188,1,8
B,188,2,25
B,188,3,12
B,189,1,8
B,189,2,22
B,189,3,15
B,190,1,12
B,190,2,25
B,190,3,8
B,191,1,14
B,191,2,22
B,191,3,9
B,192,1,14
B,192,2,16
B,192,3,15
B,193,1,13
B,193,2,20
B,193,3,12
B,194,1,11
B,194,2,23
B,194,3,11
B,195,1,15
B,195,2,16
B,195,3,14
B,196,1,7
B,196,2,27
B,196,3,11
B,197,1,14
B,197,2,15
B,197,3,16
B,198,1,13
B,198,2,18
B,198,3,14
B,199,1,9
B,199,2,25
B,199,3,11
B,200,1,8
B,200,2,23
B,200,3,14
B,201,1,12
B,201,2,22
B,201,3,11
B,202,1,11
B,202,2,25
B,202,3,9
B,203,1,12
B,203,2,23
B,203,3,10
B,204,1,11
B,204,2,22
B,204,3,12
B,205,1,13
B,205,2,19
B,205,3,13
B,206,1,11
B,206,2,22
B,206,3,12
B,207,1,9
B,207,2,26
B,207,3,10
B,208,1,9
B,208,2,26
B,208,3,10
B,209,1,10
B,209,2,21
B,209,3,14
B,210,1,11
B,210,2,20
B,210,3,14
B,211,1,11
B,211,2,25
B,211,3,9
B,212,1,9
B,212,2,24
B,212,3,12
B,213,1,11
B,213,2,19
B,213,3,15
B,214,1,11
B,214,2,23
B,214,3,11
B,215,1,15
B,215,2,21
B,215,3,9
B,216,1,11
B,216,2,27
B,216,3,7
B,217,1,11
B,217,2,23
B,217,3,11
B,218,1,9
B,218,2,25
B,218,3,11
B,219,1,11
B,219,2,24
B,219,3,10
B,220,1,15
B,220,2,16
B,220,3,14
B,221,1,12
B,221,2,22
B,221,3,11
B,222,1,15
B,222,2,23
B,222,3,7
B,223,1,11
B,223,2,22
B,223,3,12
B,224,1,11
B,224,2,22
B,224,3,12
B,225,1,9
B,225,2,24
B,225,3,12
B,226,1,11
B,226,2,24
B,226,3,10
B,227,1,17
B,227,2,19
B,227,3,9
B,228,1,12
B,228,2,21
B,228,3,12
B,229,1,13
B,229,2,19
B,229,3,13
B,230,1,5
B,230,2,28
B,230,3,12
B,231,1,13
B,231,2,20
B,231,3,12
B,232,1,10
B,232,2,23
B,232,3,12
B,233,1,13
B,233,2,24
B,233,3,8
B,234,1,14
B,234,2,18
B,234,3,13
B,235,1,12
B,235,2,22
B,235,3,11
B,236,1,12
B,236,2,22
B,236,3,11
B,237,1,10
B,237,2,22
B,237,3,13
B,238,1,16
B,238,2,17
B,238,3,12
B,239,1,13
B,239,2,22
B,239,3,10
B,240,1,11
B,240,2,23
B,240,3,11
B,241,1,11
B,241,2,23
B,241,3,11
B,242,1,12
B,242,2,21
B,242,3,12
B,243,1,15
B,243,2,17
B,243,3,13
B,244,1,13
B,244,2,20
B,244,3,12
B,245,1,14
B,245,2,21
B,245,3,10
B,246,1,9
B,246,2,23
B,246,3,13
B,247,1,16
B,247,2,23
B,247,3,6
B,248,1,11
B,248,2,26
B,248,3,8
B,249,1,10
B,249,2,24
B,249,3,11
B,250,1,10
B,250,2,25
B,250,3,10
B,251,1,13
B,251,2,21
B,251,3,11
B,252,1,12
B,252,2,19
B,252,3,14
B,253,1,11
B,253,2,21
B,253,3,13
B,254,1,10
B,254,2,25
B,254,3,10
B,255,1,10
B,255,2,27
B,255,3,8
B,256,1,11
B,256,2,19
B,256,3,15
B,257,1,13
B,257,2,23
B,257,3,9
B,258,1,9
B,258,2,21
B,258,3,15
B,259,1,13
B,259,2,24
B,259,3,8
B,260,1,14
B,260,2,17
B,260,3,14
B,261,1,12
B,261,2,21
B,261,3,12
B,262,1,15
B,262,2,19
B,262,3,11
B,263,1,12
B,263,2,19
B,263,3,14
B,264,1,9
B,264,2,24
B,264,3,12
B,265,1,10
B,265,2,25
B,265,3,10
B,266,1,9
B,266,2,26
B,266,3,10
B,267,1,18
B,267,2,16
B,267,3,11
B,268,1,12
B,268,2,23
B,268,3,10
B,269,1,7
B,269,2,26
B,269,3,12
B,270,1,12
B,270,2,23
B,270,3,10
B,271,1,13
B,271,2,23
B,271,3,9
B,272,1,8
B,272,2,25
B,272,3,12
B,273,1,12
B,273,2,20
B,273,3,13
B,274,1,11
B,274,2,25
B,274,3,9
B,275,1,11
B,275,2,20
B,275,3,14
B,276,1,10
B,276,2,22
B,276,3,13
B,277,1,10
B,277,2,24
B,277,3,11
B,278,1,10
B,278,2,21
B,278,3,14
B,279,1,14
B,279,2,25
B,279,3,6
B,280,1,10
B,280,2,28
B,280,3,7
B,281,1,16
B,281,2,19
B,281,3,10
B,282,1,12
B,282,2,23
B,282,3,10
B,283,1,13
B,283,2,21
B,283,3,11
B,284,1,10
B,284,2,22
B,284,3,13
B,285,1,13
B,285,2,24
B,285,3,8
B,286,1,12
B,286,2,20
B,286,3,13
B,287,1,12
B,287,2,23
B,287,3,10
B,288,1,13
B,288,2,22
B,288,3,10
B,289,1,11
B,289,2,23
B,289,3,11
B,290,1,14
B,290,2,17
B,290,3,14
B,291,1,13
B,291,2,23
B,291,3,9
B,292,1,14
B,292,2,21
B,292,3,10
B,293,1,11
B,293,2,22
B,293,3,12
B,294,1,13
B,294,2,23
B,294,3,9
B,295,1,10
B,295,2,22
B,295,3,13
B,296,1,13
B,296,2,24
B,296,3,8
B,297,1,12
B,297,2,22
B,297,3,11
B,298,1,10
B,298,2,21
B,298,3,14
B,299,1,13
B,299,2,25
B,299,3,7
B,300,1,11
B,300,2,22
B,300,3,12
B,301,1,12
B,301,2,19
B,301,3,14
B,302,1,12
B,302,2,18
B,302,3,15
B,303,1,9
B,303,2,20
B,303,3,16
B,304,1,14
B,304,2,20
B,304,3,11
B,305,1,12
B,305,2,17
B,305,3,16
B,306,1,7
B,306,2,22
B,306,3,16
B,307,1,15
B,307,2,20
B,307,3,10
B,308,1,12
B,308,2,22
B,308,3,11
B,309,1,11
B,309,2,21
B,309,3,13
B,310,1,12
B,310,2,21
B,310,3,12
B,311,1,12
B,311,2,22
B,311,3,11
B,312,1,13
B,312,2,12
B,312,3,20
B,313,1,9
B,313,2,26
B,313,3,10
B,314,1,10
B,314,2,25
B,314,3,10
B,315,1,12
B,315,2,20
B,315,3,13
B,316,1,9
B,316,2,24
B,316,3,12
B,317,1,11
B,317,2,23
B,317,3,11
B,318,1,11
B,318,2,22
B,318,3,12
B,319,1,10
B,319,2,26
B,319,3,9
B,320,1,12
B,320,2,25
B,320,3,8
B,321,1,13
B,321,2,20
B,321,3,12
B,322,1,15
B,322,2,17
B,322,3,13
B,323,1,11
B,323,2,22
B,323,3,12
B,324,1,13
B,324,2,19
B,324,3,13
B,325,1,9
B,325,2,23
B,325,3,13
B,326,1,11
B,326,2,26
B,326,3,8
B,327,1,11
B,327,2,25
B,327,3,9
B,328,1,12
B,328,2,21
B,328,3,12
B,329,1,6
B,329,2,29
B,329,3,10
B,330,1,12
B,330,2,20
B,330,3,13
B,331,1,14
B,331,2,21
B,331,3,10
B,332,1,13
B,332,2,24
B,332,3,8
B,333,1,12
B,333,2,22
B,333,3,11
B,334,1,11
B,334,2,22
B,334,3,12
B,335,1,9
B,335,2,26
B,335,3,10
B,336,1,12
B,336,2,21
B,336,3,12
B,337,1,11
B,337,2,23
B,337,3,11
B,338,1,12
B,338,2,23
B,338,3,10
B,339,1,15
B,339,2,13
B,339,3,17
B,340,1,10
B,340,2,20
B,340,3,15
B,341,1,9
B,341,2,21
B,341,3,15
B,342,1,15
B,342,2,16
B,342,3,14
B,343,1,14
B,343,2,19
B,343,3,12
B,344,1,7
B,344,2,29
B,344,3,9
B,345,1,12
B,345,2,17
B,345,3,16
B,346,1,11
B,346,2,23
B,346,3,11
B,347,1,7
B,347,2,25
B,347,3,13
B,348,1,14
B,348,2,24
B,348,3,7
B,349,1,17
B,349,2,15
B,349,3,13
B,350,1,13
B,350,2,24
B,350,3,8
B,351,1,15
B,351,2,20
B,351,3,10
B,352,1,12
B,352,2,23
B,352,3,10
B,353,1,15
B,353,2,20
B,353,3,10
B,354,1,9
B,354,2,26
B,354,3,10
B,355,1,10
B,355,2,26
B,355,3,9
B,356,1,13
B,356,2,20
B,356,3,12
B,357,1,13
B,357,2,20
B,357,3,12
B,358,1,15
B,358,2,17
B,358,3,13
B,359,1,10
B,359,2,26
B,359,3,9
B,360,1,10
B,360,2,20
B,360,3,15
B,361,1,9
B,361,2,25
B,361,3,11
B,362,1,15
B,362,2,18
B,362,3,12
B,363,1,12
B,363,2,25
B,363,3,8
B,364,1,8
B,364,2,26
B,364,3,11
B,365,1,12
B,365,2,24
B,365,3,9
B,366,1,12
B,366,2,22
B,366,3,11
B,367,1,13
B,367,2,22
B,367,3,10
B,368,1,11
B,368,2,24
B,368,3,10
B,369,1,14
B,369,2,22
B,369,3,9
B,370,1,10
B,370,2,23
B,370,3,12
B,371,1,11
B,371,2,24
B,371,3,10
B,372,1,14
B,372,2,21
B,372,3,10
B,373,1,9
B,373,2,25
B,373,3,11
B,374,1,14
B,374,2,23
B,374,3,8
B,375,1,11
B,375,2,19
B,375,3,15
B,376,1,10
B,376,2,22
B,376,3,13
B,377,1,12
B,377,2,20
B,377,3,13
B,378,1,10
B,378,2,23
B,378,3,12
B,379,1,13
B,379,2,22
B,379,3,10
B,380,1,12
B,380,2,24
B,380,3,9
B,381,1,8
B,381,2,26
B,381,3,11
B,382,1,12
B,382,2,21
B,382,3,12
B,383,1,10
B,383,2,25
B,383,3,10
B,384,1,11
B,384,2,21
B,384,3,13
B,385,1,14
B,385,2,19
B,385,3,12
B,386,1,11
B,386,2,21
B,386,3,13
B,387,1,15
B,387,2,16
B,387,3,14
B,388,1,11
B,388,2,21
B,388,3,13
B,389,1,6
B,389,2,27
B,389,3,12
B,390,1,11
B,390,2,21
B,390,3,13
B,391,1,10
B,391,2,24
B,391,3,11
B,392,1,11
B,392,2,23
B,392,3,11
B,393,1,11
B,393,2,24
B,393,3,10
B,394,1,14
B,394,2,22
B,394,3,9
B,395,1,10
B,395,2,24
B,395,3,11
B,396,1,13
B,396,2,22
B,396,3,10
B,397,1,9
B,397,2,23
B,397,3,13
B,398,1,11
B,398,2,19
B,398,3,15
B,399,1,10
B,399,2,24
B,399,3,11
B,400,1,7
B,400,2,27
B,400,3,11
C,1,1,8
C,1,2,17
C,1,3,5
C,2,1,9
C,2,2,16
C,2,3,5
C,3,1,10
C,3,2,15
C,3,3,5
C,4,1,9
C,4,2,15
C,4,3,6
C,5,1,13
C,5,2,13
C,5,3,4
C,6,1,10
C,6,2,15
C,6,3,5
C,7,1,12
C,7,2,14
C,7,3,4
C,8,1,5
C,8,2,19
C,8,3,6
C,9,1,9
C,9,2,14
C,9,3,7
C,10,1,8
C,10,2,15
C,10,3,7
C,11,1,12
C,11,2,13
C,11,3,5
C,12,1,9
C,12,2,15
C,12,3,6
C,13,1,7
C,13,2,16
C,13,3,7
C,14,1,9
C,14,2,13
C,14,3,8
C,15,1,8
C,15,2,13
C,15,3,9
C,16,1,7
C,16,2,17
C,16,3,6
C,17,1,10
C,17,2,14
C,17,3,6
C,18,1,11
C,18,2,14
C,18,3,5
C,19,1,7
C,19,2,18
C,19,3,5
C,20,1,9
C,20,2,16
C,20,3,5
C,21,1,8
C,21,2,17
C,21,3,5
C,22,1,9
C,22,2,16
C,22,3,5
C,23,1,7
C,23,2,18
C,23,3,5
C,24,1,10
C,24,2,15
C,24,3,5
C,25,1,11
C,25,2,12
C,25,3,7
C,26,1,7
C,26,2,18
C,26,3,5
C,27,1,10
C,27,2,15
C,27,3,5
C,28,1,8
C,28,2,16
C,28,3,6
C,29,1,8
C,29,2,17
C,29,3,5
C,30,1,7
C,30,2,17
C,30,3,6
C,31,1,11
C,31,2,13
C,31,3,6
C,32,1,10
C,32,2,14
C,32,3,6
C,33,1,8
C,33,2,18
C,33,3,4
C,34,1,9
C,34,2,13
C,34,3,8
C,35,1,7
C,35,2,16
C,35,3,7
C,36,1,7
C,36,2,17
C,36,3,6
C,37,1,5
C,37,2,20
C,37,3,5
C,38,1,11
C,38,2,15
C,38,3,4
C,39,1,8
C,39,2,16
C,39,3,6
C,40,1,11
C,40,2,14
C,40,3,5
C,41,1,7
C,41,2,16
C,41,3,7
C,42,1,9
C,42,2,14
C,42,3,7
C,43,1,10
C,43,2,13
C,43,3,7
C,44,1,8
C,44,2,14
C,44,3,8
C,45,1,11
C,45,2,13
C,45,3,6
C,46,1,9
C,46,2,16
C,46,3,5
C,47,1,10
C,47,2,14
C,47,3,6
C,48,1,10
C,48,2,14
C,48,3,6
C,49,1,6
C,49,2,17
C,49,3,7
C,50,1,12
C,50,2,12
C,50,3,6
C,51,1,10
C,51,2,13
C,51,3,7
C,52,1,7
C,52,2,16
C,52,3,7
C,53,1,8
C,53,2,16
C,53,3,6
C,54,1,7
C,54,2,16
C,54,3,7
C,55,1,9
C,55,2,16
C,55,3,5
C,56,1,11
C,56,2,14
C,56,3,5
C,57,1,8
C,57,2,17
C,57,3,5
C,58,1,7
C,58,2,17
C,58,3,6
C,59,1,10
C,59,2,14
C,59,3,6
C,60,1,13
C,60,2,9
C,60,3,8
C,61,1,11
C,61,2,13
C,61,3,6
C,62,1,11
C,62,2,15
C,62,3,4
C,63,1,9
C,63,2,15
C,63,3,6
C,64,1,8
C,64,2,16
C,64,3,6
C,65,1,9
C,65,2,17
C,65,3,4
C,66,1,9
C,66,2,12
C,66,3,9
C,67,1,11
C,67,2,17
C,67,3,2
C,68,1,8
C,68,2,17
C,68,3,5
C,69,1,8
C,69,2,15
C,69,3,7
C,70,1,8
C,70,2,15
C,70,3,7
C,71,1,10
C,71,2,15
C,71,3,5
C,72,1,8
C,72,2,13
C,72,3,9
C,73,1,11
C,73,2,14
C,73,3,5
C,74,1,7
C,74,2,18
C,74,3,5
C,75,1,9
C,75,2,17
C,75,3,4
C,76,1,11
C,76,2,13
C,76,3,6
C,77,1,8
C,77,2,17
C,77,3,5
C,78,1,12
C,78,2,11
C,78,3,7
C,79,1,8
C,79,2,16
C,79,3,6
C,80,1,11
C,80,2,12
C,80,3,7
C,81,1,8
C,81,2,18
C,81,3,4
C,82,1,10
C,82,2,11
C,82,3,9
C,83,1,10
C,83,2,15
C,83,3,5
C,84,1,10
C,84,2,15
C,84,3,5
C,85,1,11
C,85,2,9
C,85,3,10
C,86,1,11
C,86,2,15
C,86,3,4
C,87,1,10
C,87,2,14
C,87,3,6
C,88,1,11
C,88,2,14
C,88,3,5
C,89,1,8
C,89,2,17
C,89,3,5
C,90,1,10
C,90,2,15
C,90,3,5
C,91,1,8
C,91,2,16
C,91,3,6
C,92,1,10
C,92,2,11
C,92,3,9
C,93,1,12
C,93,2,8
C,93,3,10
C,94,1,7
C,94,2,17
C,94,3,6
C,95,1,5
C,95,2,20
C,95,3,5
C,96,1,8
C,96,2,17
C,96,3,5
C,97,1,9
C,97,2,15
C,97,3,6
C,98,1,10
C,98,2,15
C,98,3,5
C,99,1,8
C,99,2,13
C,99,3,9
C,100,1,10
C,100,2,13
C,100,3,7
C,101,1,8
C,101,2,14
C,101,3,8
C,102,1,10
C,102,2,13
C,102,3,7
C,103,1,11
C,103,2,15
C,103,3,4
C,104,1,10
C,104,2,14
C,104,3,6
C,105,1,9
C,105,2,15
C,105,3,6
C,106,1,9
C,106,2,15
C,106,3,6
C,107,1,10
C,107,2,15
C,107,3,5
C,108,1,10
C,108,2,12
C,108,3,8
C,109,1,9
C,109,2,14
C,109,3,7
C,110,1,10
C,110,2,15
C,110,3,5
C,111,1,5
C,111,2,19
C,111,3,6
C,112,1,10
C,112,2,16
C,112,3,4
C,113,1,10
C,113,2,13
C,113,3,7
C,114,1,8
C,114,2,15
C,114,3,7
C,115,1,9
C,115,2,15
C,115,3,6
C,116,1,12
C,116,2,12
C,116,3,6
C,117,1,11
C,117,2,13
C,117,3,6
C,118,1,9
C,118,2,15
C,118,3,6
C,119,1,8
C,119,2,15
C,119,3,7
C,120,1,11
C,120,2,13
C,120,3,6
C,121,1,9
C,121,2,15
C,121,3,6
C,122,1,9
C,122,2,16
C,122,3,5
C,123,1,6
C,123,2,19
C,123,3,5
C,124,1,8
C,124,2,17
C,124,3,5
C,125,1,8
C,125,2,17
C,125,3,5
C,126,1,10
C,126,2,14
C,126,3,6
C,127,1,5
C,127,2,18
C,127,3,7
C,128,1,9
C,128,2,15
C,128,3,6
C,129,1,8
C,129,2,18
C,129,3,4
C,130,1,6
C,130,2,18
C,130,3,6
C,131,1,8
C,131,2,17
C,131,3,5
C,132,1,6
C,132,2,17
C,132,3,7
C,133,1,10
C,133,2,15
C,133,3,5
C,134,1,9
C,134,2,15
C,134,3,6
C,135,1,8
C,135,2,17
C,135,3,5
C,136,1,9
C,136,2,15
C,136,3,6
C,137,1,6
C,137,2,18
C,137,3,6
C,138,1,9
C,138,2,13
C,138,3,8
C,139,1,9
C,139,2,16
C,139,3,5
C,140,1,10
C,140,2,14
C,140,3,6
C,141,1,11
C,141,2,13
C,141,3,6
C,142,1,10
C,142,2,14
C,142,3,6
C,143,1,12
C,143,2,11
C,143,3,7
C,144,1,10
C,144,2,15
C,144,3,5
C,145,1,7
C,145,2,18
C,145,3,5
C,146,1,7
C,146,2,18
C,146,3,5
C,147,1,4
C,147,2,19
C,147,3,7
C,148,1,9
C,148,2,15
C,148,3,6
C,149,1,10
C,149,2,13
C,149,3,7
C,150,1,10
C,150,2,14
C,150,3,6
C,151,1,7
C,151,2,17
C,151,3,6
C,152,1,9
C,152,2,15
C,152,3,6
C,153,1,8
C,153,2,17
C,153,3,5
C,154,1,8
C,154,2,15
C,154,3,7
C,155,1,11
C,155,2,11
C,155,3,8
C,156,1,8
C,156,2,17
C,156,3,5
C,157,1,8
C,157,2,14
C,157,3,8
C,158,1,7
C,158,2,18
C,158,3,5
C,159,1,12
C,159,2,12
C,159,3,6
C,160,1,10
C,160,2,12
C,160,3,8
C,161,1,8
C,161,2,16
C,161,3,6
C,162,1,11
C,162,2,13
C,162,3,6
C,163,1,13
C,163,2,13
C,163,3,4
C,164,1,10
C,164,2,15
C,164,3,5
C,165,1,11
C,165,2,14
C,165,3,5
C,166,1,10
C,166,2,16
C,166,3,4
C,167,1,6
C,167,2,17
C,167,3,7
C,168,1,9
C,168,2,15
C,168,3,6
C,169,1,12
C,169,2,13
C,169,3,5
C,170,1,9
C,170,2,13
C,170,3,8
C,171,1,7
C,171,2,16
C,171,3,7
C,172,1,10
C,172,2,14
C,172,3,6
C,173,1,11
C,173,2,13
C,173,3,6
C,174,1,5
C,174,2,18
C,174,3,7
C,175,1,11
C,175,2,15
C,175,3,4
C,176,1,7
C,176,2,14
C,176,3,9
C,177,1,7
C,177,2,17
C,177,3,6
C,178,1,9
C,178,2,15
C,178,3,6
C,179,1,9
C,179,2,17
C,179,3,4
C,180,1,7
C,180,2,14
C,180,3,9
C,181,1,12
C,181,2,13
C,181,3,5
C,182,1,8
C,182,2,16
C,182,3,6
C,183,1,7
C,183,2,16
C,183,3,7
C,184,1,9
C,184,2,14
C,184,3,7
C,185,1,8
C,185,2,17
C,185,3,5
C,186,1,10
C,186,2,16
C,186,3,4
C,187,1,12
C,187,2,10
C,187,3,8
C,188,1,11
C,188,2,12
C,188,3,7
C,189,1,6
C,189,2,17
C,189,3,7
C,190,1,7
C,190,2,16
C,190,3,7
C,191,1,9
C,191,2,16
C,191,3,5
C,192,1,9
C,192,2,16
C,192,3,5
C,193,1,9
C,193,2,15
C,193,3,6
C,194,1,9
C,194,2,16
C,194,3,5
C,195,1,9
C,195,2,15
C,195,3,6
C,196,1,13
C,196,2,12
C,196,3,5
C,197,1,11
C,197,2,12
C,197,3,7
C,198,1,7
C,198,2,18
C,198,3,5
C,199,1,12
C,199,2,10
C,199,3,8
C,200,1,10
C,200,2,16
C,200,3,4
C,201,1,9
C,201,2,17
C,201,3,4
C,202,1,11
C,202,2,14
C,202,3,5
C,203,1,8
C,203,2,16
C,203,3,6
C,204,1,10
C,204,2,14
C,204,3,6
C,205,1,8
C,205,2,16
C,205,3,6
C,206,1,10
C,206,2,14
C,206,3,6
C,207,1,9
C,207,2,16
C,207,3,5
C,208,1,8
C,208,2,17
C,208,3,5
C,209,1,7
C,209,2,15
C,209,3,8
C,210,1,11
C,210,2,12
C,210,3,7
C,211,1,9
C,211,2,14
C,211,3,7
C,212,1,8
C,212,2,16
C,212,3,6
C,213,1,10
C,213,2,14
C,213,3,6
C,214,1,10
C,214,2,14
C,214,3,6
C,215,1,11
C,215,2,14
C,215,3,5
C,216,1,9
C,216,2,15
C,216,3,6
C,217,1,10
C,217,2,15
C,217,3,5
C,218,1,8
C,218,2,16
C,218,3,6
C,219,1,10
C,219,2,13
C,219,3,7
C,220,1,11
C,220,2,11
C,220,3,8
C,221,1,7
C,221,2,17
C,221,3,6
C,222,1,9
C,222,2,14
C,222,3,7
C,223,1,9
C,223,2,15
C,223,3,6
C,224,1,10
C,224,2,16
C,224,3,4
C,225,1,9
C,225,2,15
C,225,3,6
C,226,1,8
C,226,2,18
C,226,3,4
C,227,1,7
C,227,2,18
C,227,3,5
C,228,1,9
C,228,2,16
C,228,3,5
C,229,1,7
C,229,2,19
C,229,3,4
C,230,1,8
C,230,2,17
C,230,3,5
C,231,1,10
C,231,2,12
C,231,3,8
C,232,1,7
C,232,2,17
C,232,3,6
C,233,1,6
C,233,2,17
C,233,3,7
C,234,1,9
C,234,2,14
C,234,3,7
C,235,1,12
C,235,2,12
C,235,3,6
C,236,1,9
C,236,2,14
C,236,3,7
C,237,1,7
C,237,2,18
C,237,3,5
C,238,1,6
C,238,2,17
C,238,3,7
C,239,1,7
C,239,2,16
C,239,3,7
C,240,1,8
C,240,2,15
C,240,3,7
C,241,1,7
C,241,2,15
C,241,3,8
C,242,1,9
C,242,2,15
C,242,3,6
C,243,1,10
C,243,2,16
C,243,3,4
C,244,1,8
C,244,2,16
C,244,3,6
C,245,1,12
C,245,2,13
C,245,3,5
C,246,1,11
C,246,2,14
C,246,3,5
C,247,1,9
C,247,2,15
C,247,3,6
C,248,1,8
C,248,2,15
C,248,3,7
C,249,1,10
C,249,2,14
C,249,3,6
C,250,1,10
C,250,2,16
C,250,3,4
C,251,1,9
C,251,2,15
C,251,3,6
C,252,1,12
C,252,2,11
C,252,3,7
C,253,1,5
C,253,2,18
C,253,3,7
C,254,1,12
C,254,2,11
C,254,3,7
C,255,1,8
C,255,2,15
C,255,3,7
C,256,1,7
C,256,2,17
C,256,3,6
C,257,1,7
C,257,2,16
C,257,3,7
C,258,1,9
C,258,2,14
C,258,3,7
C,259,1,10
C,259,2,15
C,259,3,5
C,260,1,8
C,260,2,16
C,260,3,6
C,261,1,10
C,261,2,12
C,261,3,8
C,262,1,11
C,262,2,14
C,262,3,5
C,263,1,11
C,263,2,11
C,263,3,8
C,264,1,7
C,264,2,18
C,264,3,5
C,265,1,10
C,265,2,15
C,265,3,5
C,266,1,10
C,266,2,14
C,266,3,6
C,267,1,10
C,267,2,14
C,267,3,6
C,268,1,8
C,268,2,16
C,268,3,6
C,269,1,9
C,269,2,16
C,269,3,5
C,270,1,10
C,270,2,14
C,270,3,6
C,271,1,8
C,271,2,16
C,271,3,6
C,272,1,9
C,272,2,15
C,272,3,6
C,273,1,10
C,273,2,15
C,273,3,5
C,274,1,7
C,274,2,17
C,274,3,6
C,275,1,9
C,275,2,16
C,275,3,5
C,276,1,9
C,276,2,16
C,276,3,5
C,277,1,8
C,277,2,16
C,277,3,6
C,278,1,9
C,278,2,16
C,278,3,5
C,279,1,10
C,279,2,15
C,279,3,5
C,280,1,10
C,280,2,13
C,280,3,7
C,281,1,10
C,281,2,14
C,281,3,6
C,282,1,8
C,282,2,15
C,282,3,7
C,283,1,9
C,283,2,13
C,283,3,8
C,284,1,9
C,284,2,15
C,284,3,6
C,285,1,8
C,285,2,15
C,285,3,7
C,286,1,10
C,286,2,15
C,286,3,5
C,287,1,9
C,287,2,15
C,287,3,6
C,288,1,8
C,288,2,15
C,288,3,7
C,289,1,8
C,289,2,16
C,289,3,6
C,290,1,8
C,290,2,18
C,290,3,4
C,291,1,8
C,291,2,16
C,291,3,6
C,292,1,10
C,292,2,16
C,292,3,4
C,293,1,10
C,293,2,12
C,293,3,8
C,294,1,10
C,294,2,15
C,294,3,5
C,295,1,10
C,295,2,15
C,295,3,5
C,296,1,11
C,296,2,13
C,296,3,6
C,297,1,9
C,297,2,13
C,297,3,8
C,298,1,9
C,298,2,17
C,298,3,4
C,299,1,9
C,299,2,14
C,299,3,7
C,300,1,13
C,300,2,8
C,300,3,9
C,301,1,7
C,301,2,16
C,301,3,7
C,302,1,8
C,302,2,16
C,302,3,6
C,303,1,8
C,303,2,17
C,303,3,5
C,304,1,9
C,304,2,16
C,304,3,5
C,305,1,9
C,305,2,15
C,305,3,6
C,306,1,10
C,306,2,14
C,306,3,6
C,307,1,8
C,307,2,14
C,307,3,8
C,308,1,7
C,308,2,15
C,308,3,8
C,309,1,11
C,309,2,15
C,309,3,4
C,310,1,9
C,310,2,16
C,310,3,5
C,311,1,10
C,311,2,14
C,311,3,6
C,312,1,9
C,312,2,14
C,312,3,7
C,313,1,10
C,313,2,14
C,313,3,6
C,314,1,11
C,314,2,14
C,314,3,5
C,315,1,9
C,315,2,16
C,315,3,5
C,316,1,8
C,316,2,17
C,316,3,5
C,317,1,13
C,317,2,11
C,317,3,6
C,318,1,8
C,318,2,16
C,318,3,6
C,319,1,5
C,319,2,17
C,319,3,8
C,320,1,8
C,320,2,16
C,320,3,6
C,321,1,9
C,321,2,16
C,321,3,5
C,322,1,9
C,322,2,16
C,322,3,5
C,323,1,9
C,323,2,16
C,323,3,5
C,324,1,8
C,324,2,16
C,324,3,6
C,325,1,8
C,325,2,14
C,325,3,8
C,326,1,8
C,326,2,16
C,326,3,6
C,327,1,10
C,327,2,11
C,327,3,9
C,328,1,9
C,328,2,17
C,328,3,4
C,329,1,10
C,329,2,14
C,329,3,6
C,330,1,5
C,330,2,18
C,330,3,7
C,331,1,9
C,331,2,15
C,331,3,6
C,332,1,7
C,332,2,13
C,332,3,10
C,333,1,7
C,333,2,17
C,333,3,6
C,334,1,9
C,334,2,15
C,334,3,6
C,335,1,7
C,335,2,17
C,335,3,6
C,336,1,9
C,336,2,12
C,336,3,9
C,337,1,6
C,337,2,18
C,337,3,6
C,338,1,13
C,338,2,12
C,338,3,5
C,339,1,9
C,339,2,16
C,339,3,5
C,340,1,11
C,340,2,13
C,340,3,6
C,341,1,9
C,341,2,16
C,341,3,5
C,342,1,8
C,342,2,18
C,342,3,4
C,343,1,12
C,343,2,13
C,343,3,5
C,344,1,11
C,344,2,16
C,344,3,3
C,345,1,10
C,345,2,12
C,345,3,8
C,346,1,8
C,346,2,15
C,346,3,7
C,347,1,8
C,347,2,16
C,347,3,6
C,348,1,8
C,348,2,14
C,348,3,8
C,349,1,11
C,349,2,14
C,349,3,5
C,350,1,9
C,350,2,14
C,350,3,7
C,351,1,8
C,351,2,16
C,351,3,6
C,352,1,8
C,352,2,10
C,352,3,12
C,353,1,8
C,353,2,17
C,353,3,5
C,354,1,12
C,354,2,12
C,354,3,6
C,355,1,10
C,355,2,14
C,355,3,6
C,356,1,12
C,356,2,13
C,356,3,5
C,357,1,8
C,357,2,18
C,357,3,4
C,358,1,7
C,358,2,17
C,358,3,6
C,359,1,10
C,359,2,14
C,359,3,6
C,360,1,10
C,360,2,14
C,360,3,6
C,361,1,7
C,361,2,16
C,361,3,7
C,362,1,10
C,362,2,14
C,362,3,6
C,363,1,10
C,363,2,16
C,363,3,4
C,364,1,9
C,364,2,15
C,364,3,6
C,365,1,8
C,365,2,13
C,365,3,9
C,366,1,8
C,366,2,16
C,366,3,6
C,367,1,11
C,367,2,13
C,367,3,6
C,368,1,9
C,368,2,14
C,368,3,7
C,369,1,6
C,369,2,18
C,369,3,6
C,370,1,8
C,370,2,16
C,370,3,6
C,371,1,7
C,371,2,16
C,371,3,7
C,372,1,6
C,372,2,17
C,372,3,7
C,373,1,12
C,373,2,9
C,373,3,9
C,374,1,7
C,374,2,17
C,374,3,6
C,375,1,9
C,375,2,16
C,375,3,5
C,376,1,11
C,376,2,14
C,376,3,5
C,377,1,10
C,377,2,15
C,377,3,5
C,378,1,6
C,378,2,17
C,378,3,7
C,379,1,6
C,379,2,16
C,379,3,8
C,380,1,12
C,380,2,11
C,380,3,7
C,381,1,12
C,381,2,14
C,381,3,4
C,382,1,8
C,382,2,17
C,382,3,5
C,383,1,9
C,383,2,14
C,383,3,7
C,384,1,10
C,384,2,13
C,384,3,7
C,385,1,11
C,385,2,13
C,385,3,6
C,386,1,11
C,386,2,14
C,386,3,5
C,387,1,9
C,387,2,16
C,387,3,5
C,388,1,7
C,388,2,14
C,388,3,9
C,389,1,9
C,389,2,15
C,389,3,6
C,390,1,11
C,390,2,16
C,390,3,3
C,391,1,9
C,391,2,14
C,391,3,7
C,392,1,9
C,392,2,15
C,392,3,6
C,393,1,10
C,393,2,16
C,393,3,4
C,394,1,8
C,394,2,16
C,394,3,6
C,395,1,10
C,395,2,16
C,395,3,4
C,396,1,10
C,396,2,14
C,396,3,6
C,397,1,9
C,397,2,15
C,397,3,6
C,398,1,8
C,398,2,17
C,398,3,5
C,399,1,8
C,399,2,17
C,399,3,5
C,400,1,9
C,400,2,13
C,400,3,8
